Name,GID,Team,Opp,Home,NewGameFDP,LastFDP,AvgFDP,AvgPTS,LastPT,AvgMIN,LastMIN,AvgFGM,LastFGM,AvgFGA,LastFGA,Avg3PTS,Last3PTS,AvgREB,LastREB,AvgAST,LastAST,AvgSTL,AvgTOV,LastTOV,Date,Last3GameAvgFDP,Last3GameAvgMIN,Last3GameAvgPTS,position,Rank,TeamStdFDP,TeamAvgFDP,TeamMaxFDP
Louis Williams,3816,lac,gsw,0,40.6,38.5,38.5,21.0,21,36.73333333,36.73333333,8.0,8,14.0,14,1.0,1,5.0,5,7.0,7,1.0,2.0,2,2019-10-23,38.5,36.73333333,21.0,SG,advanced,11.726993687743715,30.02857142857143,47.7
Montrezl Harrell,4857,lac,gsw,0,23.7,34.4,34.4,17.0,17,38.36666667,38.36666667,7.0,7,11.0,11,0.0,0,7.0,7,4.0,4,1.0,3.0,3,2019-10-23,34.4,38.36666667,17.0,C,advanced,11.726993687743715,30.02857142857143,47.7
Patrick Beverley,4234,lac,gsw,0,27.3,24.0,24.0,2.0,2,31.36666667,31.36666667,1.0,1,7.0,7,0.0,0,10.0,10,6.0,6,0.0,2.0,2,2019-10-23,24.0,31.36666667,2.0,PG,average,11.726993687743715,30.02857142857143,47.7
Andre Drummond,4489,det,atl,1,49.4,81.6,81.6,32.0,32,40.8,40.8,0.0,0,0.0,0,0.0,0,23.0,23,2.0,2,3.0,2.0,2,2019-10-23,81.6,40.8,32.0,C,top,23.54465362424587,27.325,81.6
Derrick Rose,4073,det,atl,1,29.7,29.9,29.9,18.0,18,26.58333333,26.58333333,6.0,6,11.0,11,0.0,0,2.0,2,9.0,9,0.0,4.0,4,2019-10-23,29.9,26.58333333,18.0,SG,average,23.54465362424587,27.325,81.6
Langston Galloway,4735,det,atl,1,21.1,12.8,12.8,5.0,5,20.01666667,20.01666667,2.0,2,4.0,4,1.0,1,4.0,4,0.0,0,1.0,3.0,3,2019-10-23,12.8,20.01666667,5.0,SG,belowAvg,23.54465362424587,27.325,81.6
Landry Shamet,5704,lac,gsw,0,17.5,14.6,14.6,8.0,8,26.43333333,26.43333333,3.0,3,8.0,8,2.0,2,3.0,3,2.0,2,0.0,0.0,0,2019-10-23,14.6,26.43333333,8.0,PG,belowAvg,11.726993687743715,30.02857142857143,47.7
JaMychal Green,4581,lac,gsw,0,9.2,18.2,18.2,12.0,12,19.26666667,19.26666667,4.0,4,8.0,8,4.0,4,6.0,6,0.0,0,0.0,1.0,1,2019-10-23,18.2,19.26666667,12.0,PF,belowAvg,11.726993687743715,30.02857142857143,47.7
Reggie Jackson,4369,det,atl,1,14.3,12.7,12.7,5.0,5,20.35,20.35,2.0,2,3.0,3,1.0,1,1.0,1,5.0,5,0.0,1.0,1,2019-10-23,12.7,20.35,5.0,PG,belowAvg,23.54465362424587,27.325,81.6
Markieff Morris,4453,det,atl,1,15.2,16.8,16.8,8.0,8,22.6,22.6,3.0,3,11.0,11,1.0,1,4.0,4,2.0,2,1.0,2.0,2,2019-10-23,16.8,22.6,8.0,PF,belowAvg,23.54465362424587,27.325,81.6
Maurice Harkless,4530,lac,gsw,0,20.9,32.8,32.8,10.0,10,29.16666667,29.16666667,4.0,4,7.0,7,2.0,2,4.0,4,0.0,0,4.0,0.0,0,2019-10-23,32.8,29.16666667,10.0,SF,advanced,11.726993687743715,30.02857142857143,47.7
Kawhi Leonard,4404,lac,gsw,0,39.5,47.7,47.7,30.0,30,31.55,31.55,0.0,0,0.0,0,1.0,1,6.0,6,5.0,5,2.0,6.0,6,2019-10-23,47.7,31.55,30.0,SF,top,11.726993687743715,30.02857142857143,47.7
Bruce Brown,5738,det,atl,1,3.4,14.8,14.8,7.0,7,28.81666667,28.81666667,3.0,3,6.0,6,0.0,0,4.0,4,4.0,4,0.0,3.0,3,2019-10-23,14.8,28.81666667,7.0,SG,belowAvg,23.54465362424587,27.325,81.6
Tony Snell,4571,det,atl,1,17.4,14.4,14.4,10.0,10,31.88333333,31.88333333,4.0,4,7.0,7,2.0,2,2.0,2,2.0,2,0.0,1.0,1,2019-10-23,14.4,31.88333333,10.0,SG,belowAvg,23.54465362424587,27.325,81.6
Luke Kennard,5180,det,atl,1,24.3,35.6,35.6,30.0,30,28.06666667,28.06666667,8.0,8,13.0,13,6.0,6,3.0,3,2.0,2,0.0,1.0,1,2019-10-23,35.6,28.06666667,30.0,SF,advanced,23.54465362424587,27.325,81.6
Brandon Clarke,5837,mem,chi,1,33.5,20.9,20.9,8.0,8,23.05,23.05,3.0,3,6.0,6,1.0,1,7.0,7,1.0,1,0.0,0.0,0,2019-10-24,20.9,23.05,8.0,PF,average,6.555108270993276,20.577777777777776,30.7
Kyrie Irving,4379,bkn,nyk,1,40.9,73.1,73.1,50.0,50,38.16666667,38.16666667,0.0,0,0.0,0,7.0,7,8.0,8,7.0,7,0.0,0.0,0,2019-10-24,73.1,38.16666667,50.0,PG,top,19.868937230427466,37.333333333333336,73.1
Seth Curry,4564,dal,nor,0,12.4,12.1,12.1,9.0,9,19.65,19.65,3.0,3,6.0,6,1.0,1,3.0,3,1.0,1,0.0,2.0,2,2019-10-24,12.1,19.65,9.0,PG,belowAvg,11.973780880383126,23.85,49.3
Dorian Finney-Smith,4932,dal,nor,0,19.2,24.1,24.1,10.0,10,32.2,32.2,1.0,1,4.0,4,1.0,1,8.0,8,1.0,1,0.0,0.0,0,2019-10-24,24.1,32.2,10.0,SF,average,11.973780880383126,23.85,49.3
Nickeil Alexander-Walker,5887,nor,dal,1,15.2,15.8,15.8,3.0,3,11.91666667,11.91666667,1.0,1,10.0,10,1.0,1,4.0,4,2.0,2,2.0,1.0,1,2019-10-24,15.8,11.91666667,3.0,SG,belowAvg,8.951739292653487,21.918181818181814,42.5
Jrue Holiday,4212,nor,dal,1,30.8,27.8,27.8,13.0,13,41.08333333,41.08333333,6.0,6,15.0,15,1.0,1,4.0,4,6.0,6,0.0,5.0,5,2019-10-24,27.8,41.08333333,13.0,SG,average,8.951739292653487,21.918181818181814,42.5
Justin Jackson,5135,dal,nor,0,6.2,17.8,17.8,10.0,10,18.63333333,18.63333333,4.0,4,6.0,6,0.0,0,4.0,4,2.0,2,0.0,0.0,0,2019-10-24,17.8,18.63333333,10.0,SF,belowAvg,11.973780880383126,23.85,49.3
LeBron James,3541,lal,uta,1,57.4,41.8,41.8,18.0,18,36.0,36.0,7.0,7,19.0,19,1.0,1,9.0,9,8.0,8,1.0,5.0,5,2019-10-24,41.8,36.0,18.0,SF,top,18.293523444104476,32.76,50.5
Jahlil Okafor,4836,nor,dal,1,7.6,12.4,12.4,8.0,8,12.48333333,12.48333333,3.0,3,3.0,3,0.0,0,2.0,2,0.0,0,0.0,1.0,1,2019-10-24,12.4,12.48333333,8.0,C,belowAvg,8.951739292653487,21.918181818181814,42.5
Kent Bazemore,4507,por,sac,0,31.1,21.4,21.4,4.0,4,24.53333333,24.53333333,1.0,1,7.0,7,0.0,0,2.0,2,0.0,0,5.0,0.0,0,2019-10-24,21.4,24.53333333,4.0,SF,average,13.354007780794639,25.75714285714286,48.8
Noah Vonleh,4761,min,cha,0,13.5,13.3,13.3,2.0,2,14.36666667,14.36666667,1.0,1,3.0,3,0.0,0,4.0,4,1.0,1,2.0,1.0,1,2019-10-24,13.3,14.36666667,2.0,PF,belowAvg,17.766760475049406,26.94444444444445,72.3
Jeff Green,3992,uta,lal,0,10.1,10.9,10.9,5.0,5,16.56666667,16.56666667,1.0,1,4.0,4,1.0,1,2.0,2,1.0,1,0.0,1.0,1,2019-10-24,10.9,16.56666667,5.0,PF,belowAvg,12.817024268960054,21.788888888888888,52.9
Chris Paul,3786,okc,was,1,9.4,38.1,38.1,22.0,22,30.11666667,30.11666667,7.0,7,15.0,15,4.0,4,8.0,8,3.0,3,1.0,1.0,1,2019-10-24,38.1,30.11666667,22.0,PG,advanced,10.006640652229756,24.457142857142852,38.1
C.J. McCollum,4657,por,sac,0,26.9,18.1,18.1,12.0,12,35.83333333,35.83333333,5.0,5,18.0,18,2.0,2,3.0,3,3.0,3,1.0,5.0,5,2019-10-24,18.1,35.83333333,12.0,SG,belowAvg,13.354007780794639,25.75714285714286,48.8
Wendell Carter Jr.,5685,chi,mem,0,23.4,24.8,24.8,12.0,12,29.41666667,29.41666667,5.0,5,11.0,11,0.0,0,9.0,9,0.0,0,0.0,1.0,1,2019-10-24,24.8,29.41666667,12.0,C,average,13.88583553738948,30.375,60.4
Nemanja Bjelica,4875,sac,por,1,19.9,17.8,17.8,5.0,5,20.66666667,20.66666667,2.0,2,6.0,6,1.0,1,4.0,4,2.0,2,2.0,1.0,1,2019-10-24,17.8,20.66666667,5.0,SF,belowAvg,8.0460578930957,20.728571428571428,32.0
Lauri Markkanen,5227,chi,mem,0,24.7,60.4,60.4,35.0,35,34.36666667,34.36666667,0.0,0,0.0,0,1.0,1,17.0,17,2.0,2,1.0,1.0,1,2019-10-24,60.4,34.36666667,35.0,PF,top,13.88583553738948,30.375,60.4
Lonzo Ball,5215,nor,dal,1,36.1,20.5,20.5,8.0,8,24.83333333,24.83333333,2.0,2,7.0,7,2.0,2,5.0,5,5.0,5,0.0,1.0,1,2019-10-24,20.5,24.83333333,8.0,PG,average,8.951739292653487,21.918181818181814,42.5
Rudy Gobert,4620,uta,lal,0,26.3,22.8,22.8,7.0,7,37.91666667,37.91666667,3.0,3,6.0,6,0.0,0,14.0,14,0.0,0,0.0,4.0,4,2019-10-24,22.8,37.91666667,7.0,C,average,12.817024268960054,21.788888888888888,52.9
Andrew Wiggins,4704,min,cha,0,28.8,29.6,29.6,21.0,21,36.21666667,36.21666667,0.0,0,0.0,0,0.0,0,8.0,8,0.0,0,0.0,1.0,1,2019-10-24,29.6,36.21666667,21.0,SG,average,17.766760475049406,26.94444444444445,72.3
De'Aaron Fox,5132,sac,por,1,39.7,11.7,11.7,8.0,8,26.55,26.55,3.0,3,7.0,7,0.0,0,1.0,1,5.0,5,0.0,5.0,5,2019-10-24,11.7,26.55,8.0,PG,belowAvg,8.0460578930957,20.728571428571428,32.0
Moritz Wagner,5780,was,okc,0,16.4,10.4,10.4,13.0,13,16.63333333,16.63333333,4.0,4,5.0,5,3.0,3,2.0,2,0.0,0,0.0,5.0,5,2019-10-24,10.4,16.63333333,13.0,C,belowAvg,10.661899976604131,22.488888888888887,46.7
Joe Ingles,4701,uta,lal,0,9.6,12.3,12.3,7.0,7,32.65,32.65,3.0,3,8.0,8,1.0,1,4.0,4,1.0,1,0.0,1.0,1,2019-10-24,12.3,32.65,7.0,SF,belowAvg,12.817024268960054,21.788888888888888,52.9
Gordon Hayward,4285,bos,tor,1,24.6,33.0,33.0,25.0,25,35.18333333,35.18333333,8.0,8,15.0,15,0.0,0,5.0,5,2.0,2,0.0,1.0,1,2019-10-24,33.0,35.18333333,25.0,SF,advanced,8.930232226490395,23.128571428571423,38.0
Robert Covington,4570,min,cha,0,17.3,23.8,23.8,15.0,15,32.7,32.7,6.0,6,11.0,11,3.0,3,9.0,9,0.0,0,0.0,2.0,2,2019-10-24,23.8,32.7,15.0,PF,average,17.766760475049406,26.94444444444445,72.3
Marcus Morris,4407,nyk,bkn,0,15.4,40.3,40.3,26.0,26,39.25,39.25,9.0,9,18.0,18,3.0,3,4.0,4,1.0,1,3.0,1.0,1,2019-10-24,40.3,39.25,26.0,PF,top,12.568956466893608,35.966666666666654,55.2
Tyler Johnson,4756,pho,den,0,9.2,22.4,22.4,10.0,10,16.63333333,16.63333333,4.0,4,8.0,8,2.0,2,2.0,2,2.0,2,2.0,2.0,2,2019-10-24,22.4,16.63333333,10.0,PG,average,12.453312812260034,29.266666666666666,46.2
Spencer Dinwiddie,4760,bkn,nyk,1,30.9,15.6,15.6,14.0,14,18.55,18.55,6.0,6,13.0,13,1.0,1,3.0,3,2.0,2,0.0,5.0,5,2019-10-24,15.6,18.55,14.0,PG,belowAvg,19.868937230427466,37.333333333333336,73.1
Royce O'Neale,5182,uta,lal,0,9.6,22.0,22.0,14.0,14,30.11666667,30.11666667,6.0,6,6.0,6,2.0,2,5.0,5,0.0,0,1.0,1.0,1,2019-10-24,22.0,30.11666667,14.0,SF,average,12.817024268960054,21.788888888888888,52.9
Robert Williams,5660,bos,tor,1,22.7,16.1,16.1,5.0,5,10.76666667,10.76666667,2.0,2,4.0,4,0.0,0,3.0,3,1.0,1,1.0,0.0,0,2019-10-24,16.1,10.76666667,5.0,C,belowAvg,8.930232226490395,23.128571428571423,38.0
Elfrid Payton,4699,nyk,bkn,0,15.8,40.4,40.4,11.0,11,26.05,26.05,4.0,4,9.0,9,1.0,1,2.0,2,8.0,8,5.0,0.0,0,2019-10-24,40.4,26.05,11.0,PG,top,12.568956466893608,35.966666666666654,55.2
Cory Joseph,4405,sac,por,1,12.8,20.2,20.2,10.0,10,20.88333333,20.88333333,3.0,3,6.0,6,0.0,0,1.0,1,4.0,4,1.0,3.0,3,2019-10-24,20.2,20.88333333,10.0,PG,average,8.0460578930957,20.728571428571428,32.0
Zach Collins,5155,por,sac,0,19.3,18.0,18.0,8.0,8,30.5,30.5,4.0,4,9.0,9,0.0,0,5.0,5,0.0,0,0.0,2.0,2,2019-10-24,18.0,30.5,8.0,PF,belowAvg,13.354007780794639,25.75714285714286,48.8
Kelly Oubre,4828,pho,den,0,39.6,40.3,40.3,21.0,21,30.06666667,30.06666667,8.0,8,17.0,17,1.0,1,9.0,9,1.0,1,1.0,2.0,2,2019-10-24,40.3,30.06666667,21.0,SF,top,12.453312812260034,29.266666666666666,46.2
Donovan Mitchell,5136,uta,lal,0,45.5,52.9,52.9,32.0,32,36.4,36.4,0.0,0,0.0,0,1.0,1,12.0,12,3.0,3,1.0,1.0,1,2019-10-24,52.9,36.4,32.0,SG,top,12.817024268960054,21.788888888888888,52.9
Jayson Tatum,5111,bos,tor,1,50.8,38.0,38.0,21.0,21,37.21666667,37.21666667,8.0,8,22.0,22,4.0,4,10.0,10,2.0,2,2.0,4.0,4,2019-10-24,38.0,37.21666667,21.0,PF,advanced,8.930232226490395,23.128571428571423,38.0
Terence Davis,5901,tor,bos,0,5.4,20.0,20.0,5.0,5,15.16666667,15.16666667,2.0,2,6.0,6,1.0,1,5.0,5,2.0,2,2.0,0.0,0,2019-10-24,20.0,15.16666667,5.0,SG,belowAvg,18.81761617664226,30.8625,62.1
Kyle Anderson,4736,mem,chi,1,28.5,15.6,15.6,4.0,4,20.83333333,20.83333333,2.0,2,4.0,4,0.0,0,8.0,8,0.0,0,1.0,1.0,1,2019-10-24,15.6,20.83333333,4.0,SG,belowAvg,6.555108270993276,20.577777777777776,30.7
Nikola Jokic,4772,den,pho,1,61.8,34.6,34.6,20.0,20,23.9,23.9,8.0,8,14.0,14,3.0,3,13.0,13,2.0,2,0.0,4.0,4,2019-10-24,34.6,23.9,20.0,C,advanced,10.255662392605906,23.81111111111111,36.0
Maxi Kleber,5162,dal,nor,0,23.5,17.1,17.1,0.0,0,23.56666667,23.56666667,0.0,0,1.0,1,0.0,0,8.0,8,1.0,1,0.0,3.0,3,2019-10-24,17.1,23.56666667,0.0,PF,belowAvg,11.973780880383126,23.85,49.3
Anthony Davis,4482,lal,uta,1,50.4,50.5,50.5,25.0,25,37.36666667,37.36666667,8.0,8,21.0,21,0.0,0,10.0,10,5.0,5,1.0,3.0,3,2019-10-24,50.5,37.36666667,25.0,PF,top,18.293523444104476,32.76,50.5
Kristaps Porzingis,4871,dal,nor,0,45.3,32.8,32.8,23.0,23,29.18333333,29.18333333,7.0,7,16.0,16,3.0,3,4.0,4,2.0,2,1.0,4.0,4,2019-10-24,32.8,29.18333333,23.0,PF,advanced,11.973780880383126,23.85,49.3
Serge Ibaka,4104,tor,bos,0,31.1,19.0,19.0,13.0,13,26.0,26.0,4.0,4,10.0,10,0.0,0,5.0,5,0.0,0,1.0,3.0,3,2019-10-24,19.0,26.0,13.0,PF,belowAvg,18.81761617664226,30.8625,62.1
Dillon Brooks,5173,mem,chi,1,17.1,18.5,18.5,7.0,7,18.16666667,18.16666667,3.0,3,7.0,7,1.0,1,5.0,5,1.0,1,1.0,2.0,2,2019-10-24,18.5,18.16666667,7.0,SG,belowAvg,6.555108270993276,20.577777777777776,30.7
Isaac Bonga,5693,was,okc,0,22.2,20.6,20.6,9.0,9,22.9,22.9,4.0,4,5.0,5,1.0,1,3.0,3,2.0,2,1.0,1.0,1,2019-10-24,20.6,22.9,9.0,SF,average,10.661899976604131,22.488888888888887,46.7
Ja Morant,5841,mem,chi,1,26.1,24.8,24.8,14.0,14,25.15,25.15,6.0,6,12.0,12,0.0,0,4.0,4,4.0,4,1.0,6.0,6,2019-10-24,24.8,25.15,14.0,PG,average,6.555108270993276,20.577777777777776,30.7
Thomas Bryant,5217,was,okc,0,50.2,28.7,28.7,14.0,14,30.75,30.75,4.0,4,9.0,9,0.0,0,11.0,11,3.0,3,0.0,3.0,3,2019-10-24,28.7,30.75,14.0,C,average,10.661899976604131,22.488888888888887,46.7
Taurean Prince,4938,bkn,nyk,1,18.2,40.2,40.2,15.0,15,41.23333333,41.23333333,6.0,6,13.0,13,2.0,2,11.0,11,2.0,2,2.0,0.0,0,2019-10-24,40.2,41.23333333,15.0,SF,top,19.868937230427466,37.333333333333336,73.1
Chris Chiozza,5773,was,okc,0,12.2,18.1,18.1,6.0,6,19.48333333,19.48333333,2.0,2,5.0,5,2.0,2,3.0,3,3.0,3,1.0,2.0,2,2019-10-24,18.1,19.48333333,6.0,PG,belowAvg,10.661899976604131,22.488888888888887,46.7
Marko Guduric,5838,mem,chi,1,10.1,11.4,11.4,9.0,9,24.1,24.1,4.0,4,8.0,8,0.0,0,2.0,2,2.0,2,0.0,3.0,3,2019-10-24,11.4,24.1,9.0,SG,belowAvg,6.555108270993276,20.577777777777776,30.7
Danny Green,4193,lal,uta,1,26.3,45.4,45.4,28.0,28,32.33333333,32.33333333,0.0,0,0.0,0,7.0,7,7.0,7,0.0,0,2.0,0.0,0,2019-10-24,45.4,32.33333333,28.0,SG,top,18.293523444104476,32.76,50.5
JaVale McGee,4114,lal,uta,1,1.8,11.4,11.4,4.0,4,17.33333333,17.33333333,2.0,2,3.0,3,0.0,0,2.0,2,0.0,0,0.0,1.0,1,2019-10-24,11.4,17.33333333,4.0,C,belowAvg,18.293523444104476,32.76,50.5
Bradley Beal,4494,was,okc,0,31.7,46.7,46.7,19.0,19,31.75,31.75,7.0,7,25.0,25,1.0,1,6.0,6,9.0,9,3.0,2.0,2,2019-10-24,46.7,31.75,19.0,SG,top,10.661899976604131,22.488888888888887,46.7
Marcus Smart,4677,bos,tor,1,18.7,19.8,19.8,4.0,4,33.01666667,33.01666667,2.0,2,7.0,7,0.0,0,4.0,4,8.0,8,0.0,1.0,1,2019-10-24,19.8,33.01666667,4.0,SG,belowAvg,8.930232226490395,23.128571428571423,38.0
Emmanuel Mudiay,4773,uta,lal,0,16.4,24.9,24.9,12.0,12,22.98333333,22.98333333,6.0,6,11.0,11,0.0,0,2.0,2,5.0,5,0.0,0.0,0,2019-10-24,24.9,22.98333333,12.0,PG,average,12.817024268960054,21.788888888888888,52.9
Skal Labissiere,4979,por,sac,0,2.0,14.7,14.7,8.0,8,10.73333333,10.73333333,3.0,3,4.0,4,0.0,0,6.0,6,1.0,1,0.0,2.0,2,2019-10-24,14.7,10.73333333,8.0,PF,belowAvg,13.354007780794639,25.75714285714286,48.8
Jamal Murray,4954,den,pho,1,42.9,30.0,30.0,14.0,14,33.78333333,33.78333333,4.0,4,14.0,14,3.0,3,5.0,5,6.0,6,1.0,2.0,2,2019-10-24,30.0,33.78333333,14.0,PG,average,10.255662392605906,23.81111111111111,36.0
Buddy Hield,4961,sac,por,1,25.5,32.0,32.0,28.0,28,31.16666667,31.16666667,0.0,0,0.0,0,6.0,6,5.0,5,2.0,2,0.0,5.0,5,2019-10-24,32.0,31.16666667,28.0,SG,advanced,8.0460578930957,20.728571428571428,32.0
Coby White,5895,chi,mem,0,35.2,30.1,30.1,17.0,17,27.15,27.15,6.0,6,13.0,13,1.0,1,3.0,3,7.0,7,0.0,1.0,1,2019-10-24,30.1,27.15,17.0,PG,advanced,13.88583553738948,30.375,60.4
Dennis Schroder,4595,okc,was,1,22.3,14.2,14.2,3.0,3,30.66666667,30.66666667,1.0,1,8.0,8,1.0,1,6.0,6,4.0,4,0.0,2.0,2,2019-10-24,14.2,30.66666667,3.0,SG,belowAvg,10.006640652229756,24.457142857142852,38.1
Derrick Favors,4280,nor,dal,1,25.4,19.4,19.4,6.0,6,20.76666667,20.76666667,3.0,3,6.0,6,0.0,0,7.0,7,2.0,2,0.0,1.0,1,2019-10-24,19.4,20.76666667,6.0,C,belowAvg,8.951739292653487,21.918181818181814,42.5
Josh Hart,5238,nor,dal,1,30.8,30.5,30.5,15.0,15,28.16666667,28.16666667,4.0,4,9.0,9,3.0,3,10.0,10,1.0,1,0.0,1.0,1,2019-10-24,30.5,28.16666667,15.0,SG,advanced,8.951739292653487,21.918181818181814,42.5
Marc Gasol,3990,tor,bos,0,11.5,12.3,12.3,6.0,6,31.91666667,31.91666667,2.0,2,9.0,9,1.0,1,4.0,4,1.0,1,0.0,0.0,0,2019-10-24,12.3,31.91666667,6.0,C,belowAvg,18.81761617664226,30.8625,62.1
Ryan Arcidiacono,4962,chi,mem,0,3.6,14.1,14.1,6.0,6,10.93333333,10.93333333,2.0,2,3.0,3,2.0,2,3.0,3,1.0,1,1.0,0.0,0,2019-10-24,14.1,10.93333333,6.0,PG,belowAvg,13.88583553738948,30.375,60.4
Jake Layman,4997,min,cha,0,13.2,16.9,16.9,10.0,10,22.7,22.7,4.0,4,7.0,7,2.0,2,2.0,2,1.0,1,0.0,0.0,0,2019-10-24,16.9,22.7,10.0,SF,belowAvg,17.766760475049406,26.94444444444445,72.3
Kenrich Williams,5688,nor,dal,1,16.7,22.7,22.7,3.0,3,18.03333333,18.03333333,0.0,0,4.0,4,0.0,0,6.0,6,3.0,3,1.0,1.0,1,2019-10-24,22.7,18.03333333,3.0,SF,average,8.951739292653487,21.918181818181814,42.5
Julius Randle,4680,nyk,bkn,0,27.2,55.2,55.2,25.0,25,35.4,35.4,0.0,0,0.0,0,1.0,1,11.0,11,6.0,6,3.0,1.0,1,2019-10-24,55.2,35.4,25.0,PF,top,12.568956466893608,35.966666666666654,55.2
Bobby Portis,4841,nyk,bkn,0,5.4,28.9,28.9,8.0,8,33.08333333,33.08333333,4.0,4,10.0,10,0.0,0,7.0,7,5.0,5,2.0,1.0,1,2019-10-24,28.9,33.08333333,8.0,C,average,12.568956466893608,35.966666666666654,55.2
Dwayne Bacon,5179,cha,min,1,14.8,36.5,36.5,22.0,22,33.1,33.1,8.0,8,21.0,21,2.0,2,5.0,5,3.0,3,2.0,2.0,2,2019-10-24,36.5,33.1,22.0,SG,advanced,10.13575707229467,26.675,38.8
Karl-Anthony Towns,4879,min,cha,0,83.0,72.3,72.3,36.0,36,38.68333333,38.68333333,0.0,0,0.0,0,7.0,7,14.0,14,3.0,3,3.0,3.0,3,2019-10-24,72.3,38.68333333,36.0,C,top,17.766760475049406,26.94444444444445,72.3
Joe Harris,4733,bkn,nyk,1,20.3,22.8,22.8,14.0,14,39.3,39.3,5.0,5,9.0,9,4.0,4,4.0,4,2.0,2,0.0,2.0,2,2019-10-24,22.8,39.3,14.0,SF,average,19.868937230427466,37.333333333333336,73.1
Brandon Ingram,4965,nor,dal,1,45.1,42.5,42.5,22.0,22,35.1,35.1,8.0,8,19.0,19,2.0,2,5.0,5,5.0,5,1.0,2.0,2,2019-10-24,42.5,35.1,22.0,SF,top,8.951739292653487,21.918181818181814,42.5
Jerami Grant,4765,den,pho,1,17.0,11.9,11.9,9.0,9,20.81666667,20.81666667,3.0,3,4.0,4,2.0,2,2.0,2,1.0,1,0.0,1.0,1,2019-10-24,11.9,20.81666667,9.0,PF,belowAvg,10.255662392605906,23.81111111111111,36.0
Otto Porter,4653,chi,mem,0,9.6,21.9,21.9,9.0,9,27.71666667,27.71666667,3.0,3,10.0,10,1.0,1,2.0,2,1.0,1,2.0,0.0,0,2019-10-24,21.9,27.71666667,9.0,SF,average,13.88583553738948,30.375,60.4
Rodney Hood,4744,por,sac,0,20.3,18.5,18.5,13.0,13,31.16666667,31.16666667,5.0,5,10.0,10,2.0,2,5.0,5,1.0,1,0.0,2.0,2,2019-10-24,18.5,31.16666667,13.0,SF,belowAvg,13.354007780794639,25.75714285714286,48.8
Hassan Whiteside,4324,por,sac,0,41.3,40.8,40.8,16.0,16,26.05,26.05,6.0,6,7.0,7,0.0,0,19.0,19,0.0,0,0.0,4.0,4,2019-10-24,40.8,26.05,16.0,C,top,13.354007780794639,25.75714285714286,48.8
Torrey Craig,5204,den,pho,1,17.0,25.2,25.2,10.0,10,16.03333333,16.03333333,4.0,4,6.0,6,2.0,2,6.0,6,2.0,2,1.0,1.0,1,2019-10-24,25.2,16.03333333,10.0,SG,average,10.255662392605906,23.81111111111111,36.0
Pascal Siakam,4929,tor,bos,0,40.6,62.1,62.1,34.0,34,38.15,38.15,0.0,0,0.0,0,2.0,2,18.0,18,5.0,5,0.0,4.0,4,2019-10-24,62.1,38.15,34.0,SF,top,18.81761617664226,30.8625,62.1
RJ Barrett,5878,nyk,bkn,0,37.1,33.0,33.0,21.0,21,37.11666667,37.11666667,9.0,9,13.0,13,1.0,1,5.0,5,2.0,2,2.0,3.0,3,2019-10-24,33.0,37.11666667,21.0,SG,advanced,12.568956466893608,35.966666666666654,55.2
Jevon Carter,5726,pho,den,0,8.9,18.7,18.7,11.0,11,18.31666667,18.31666667,4.0,4,7.0,7,3.0,3,1.0,1,3.0,3,0.0,1.0,1,2019-10-24,18.7,18.31666667,11.0,PG,belowAvg,12.453312812260034,29.266666666666666,46.2
Devonte' Graham,5658,cha,min,1,29.4,38.8,38.8,23.0,23,27.31666667,27.31666667,7.0,7,9.0,9,6.0,6,4.0,4,8.0,8,0.0,1.0,1,2019-10-24,38.8,27.31666667,23.0,PG,advanced,10.13575707229467,26.675,38.8
Zach LaVine,4706,chi,mem,0,60.2,37.7,37.7,16.0,16,30.0,30.0,7.0,7,17.0,17,1.0,1,6.0,6,7.0,7,2.0,5.0,5,2019-10-24,37.7,30.0,16.0,SG,advanced,13.88583553738948,30.375,60.4
Jarrett Allen,5139,bkn,nyk,1,21.2,36.3,36.3,6.0,6,36.36666667,36.36666667,3.0,3,6.0,6,0.0,0,9.0,9,1.0,1,1.0,0.0,0,2019-10-24,36.3,36.36666667,6.0,PF,advanced,19.868937230427466,37.333333333333336,73.1
Frank Kaminsky,4778,pho,den,0,31.7,16.8,16.8,9.0,9,19.4,19.4,4.0,4,7.0,7,0.0,0,4.0,4,2.0,2,0.0,0.0,0,2019-10-24,16.8,19.4,9.0,PF,belowAvg,12.453312812260034,29.266666666666666,46.2
Danilo Gallinari,4082,okc,was,1,29.0,34.4,34.4,21.0,21,28.35,28.35,7.0,7,13.0,13,2.0,2,7.0,7,2.0,2,1.0,1.0,1,2019-10-24,34.4,28.35,21.0,SF,advanced,10.006640652229756,24.457142857142852,38.1
Hamidou Diallo,5737,okc,was,1,11.0,15.6,15.6,12.0,12,23.0,23.0,5.0,5,8.0,8,0.0,0,3.0,3,0.0,0,1.0,3.0,3,2019-10-24,15.6,23.0,12.0,SG,belowAvg,10.006640652229756,24.457142857142852,38.1
Terry Rozier,4823,cha,min,1,28.2,16.8,16.8,7.0,7,30.4,30.4,2.0,2,10.0,10,2.0,2,4.0,4,6.0,6,0.0,4.0,4,2019-10-24,16.8,30.4,7.0,PG,belowAvg,10.13575707229467,26.675,38.8
Rui Hachimura,5868,was,okc,0,30.0,26.0,26.0,14.0,14,24.85,24.85,7.0,7,15.0,15,0.0,0,10.0,10,0.0,0,0.0,0.0,0,2019-10-24,26.0,24.85,14.0,PF,average,10.661899976604131,22.488888888888887,46.7
P.J. Washington,5854,cha,min,1,25.0,35.3,35.3,27.0,27,37.61666667,37.61666667,9.0,9,17.0,17,7.0,7,4.0,4,1.0,1,1.0,4.0,4,2019-10-24,35.3,37.61666667,27.0,PF,advanced,10.13575707229467,26.675,38.8
Kemba Walker,4440,bos,tor,1,42.2,14.4,14.4,12.0,12,34.25,34.25,4.0,4,18.0,18,1.0,1,2.0,2,2.0,2,0.0,3.0,3,2019-10-24,14.4,34.25,12.0,PG,belowAvg,8.930232226490395,23.128571428571423,38.0
Nicolo Melli,5889,nor,dal,1,6.9,21.0,21.0,14.0,14,19.61666667,19.61666667,5.0,5,7.0,7,4.0,4,5.0,5,2.0,2,0.0,2.0,2,2019-10-24,21.0,19.61666667,14.0,PF,average,8.951739292653487,21.918181818181814,42.5
Dwight Howard,3639,lal,uta,1,23.4,14.7,14.7,3.0,3,19.03333333,19.03333333,1.0,1,3.0,3,0.0,0,6.0,6,1.0,1,0.0,0.0,0,2019-10-24,14.7,19.03333333,3.0,C,belowAvg,18.293523444104476,32.76,50.5
Devin Booker,4885,pho,den,0,34.5,39.4,39.4,22.0,22,32.3,32.3,0.0,0,0.0,0,2.0,2,2.0,2,10.0,10,1.0,3.0,3,2019-10-24,39.4,32.3,22.0,SG,advanced,12.453312812260034,29.266666666666666,46.2
Mike Conley,3979,uta,lal,0,18.3,13.5,13.5,5.0,5,26.71666667,26.71666667,1.0,1,16.0,16,0.0,0,0.0,0,5.0,5,1.0,2.0,2,2019-10-24,13.5,26.71666667,5.0,PG,belowAvg,12.817024268960054,21.788888888888888,52.9
Damian Lillard,4523,por,sac,0,54.5,48.8,48.8,32.0,32,37.81666667,37.81666667,0.0,0,0.0,0,3.0,3,4.0,4,8.0,8,1.0,3.0,3,2019-10-24,48.8,37.81666667,32.0,PG,top,13.354007780794639,25.75714285714286,48.8
Ricky Rubio,4414,pho,den,0,33.1,42.7,42.7,11.0,11,29.68333333,29.68333333,4.0,4,12.0,12,0.0,0,6.0,6,11.0,11,4.0,4.0,4,2019-10-24,42.7,29.68333333,11.0,PG,top,12.453312812260034,29.266666666666666,46.2
Fred VanVleet,4934,tor,bos,0,25.0,54.5,54.5,34.0,34,44.35,44.35,0.0,0,0.0,0,5.0,5,5.0,5,7.0,7,2.0,2.0,2,2019-10-24,54.5,44.35,34.0,PG,top,18.81761617664226,30.8625,62.1
Ed Davis,4276,uta,lal,0,8.8,14.2,14.2,2.0,2,10.08333333,10.08333333,0.0,0,3.0,3,0.0,0,6.0,6,0.0,0,0.0,1.0,1,2019-10-24,14.2,10.08333333,2.0,PF,belowAvg,12.817024268960054,21.788888888888888,52.9
Harrison Barnes,4502,sac,por,1,23.5,19.7,19.7,12.0,12,30.16666667,30.16666667,5.0,5,11.0,11,1.0,1,6.0,6,1.0,1,1.0,4.0,4,2019-10-24,19.7,30.16666667,12.0,SF,belowAvg,8.0460578930957,20.728571428571428,32.0
Jonas Valanciunas,4497,mem,chi,1,23.6,12.7,12.7,7.0,7,16.15,16.15,3.0,3,7.0,7,0.0,0,1.0,1,1.0,1,1.0,3.0,3,2019-10-24,12.7,16.15,7.0,C,belowAvg,6.555108270993276,20.577777777777776,30.7
Tyus Jones,4876,mem,chi,1,10.1,30.7,30.7,15.0,15,24.05,24.05,6.0,6,12.0,12,0.0,0,1.0,1,7.0,7,2.0,2.0,2,2019-10-24,30.7,24.05,15.0,PG,advanced,6.555108270993276,20.577777777777776,30.7
Jaren Jackson,5731,mem,chi,1,41.2,26.6,26.6,17.0,17,29.93333333,29.93333333,5.0,5,12.0,12,0.0,0,3.0,3,0.0,0,1.0,3.0,3,2019-10-24,26.6,29.93333333,17.0,PF,average,6.555108270993276,20.577777777777776,30.7
Steven Adams,4574,okc,was,1,28.8,20.2,20.2,3.0,3,27.7,27.7,1.0,1,8.0,8,0.0,0,11.0,11,2.0,2,1.0,2.0,2,2019-10-24,20.2,27.7,3.0,C,average,10.006640652229756,24.457142857142852,38.1
Caris LeVert,4992,bkn,nyk,1,20.4,36.0,36.0,20.0,20,37.3,37.3,9.0,9,19.0,19,1.0,1,5.0,5,4.0,4,3.0,5.0,5,2019-10-24,36.0,37.3,20.0,SG,advanced,19.868937230427466,37.333333333333336,73.1
Jalen Brunson,5664,dal,nor,0,26.6,20.3,20.3,9.0,9,24.33333333,24.33333333,3.0,3,10.0,10,1.0,1,4.0,4,3.0,3,2.0,4.0,4,2019-10-24,20.3,24.33333333,9.0,PG,average,11.973780880383126,23.85,49.3
OG Anunoby,5241,tor,bos,0,19.6,24.4,24.4,11.0,11,35.8,35.8,5.0,5,12.0,12,1.0,1,7.0,7,0.0,0,0.0,1.0,1,2019-10-24,24.4,35.8,11.0,SF,average,18.81761617664226,30.8625,62.1
Mikal Bridges,5712,pho,den,0,6.8,19.1,19.1,5.0,5,23.2,23.2,1.0,1,4.0,4,0.0,0,3.0,3,1.0,1,3.0,0.0,0,2019-10-24,19.1,23.2,5.0,SF,belowAvg,12.453312812260034,29.266666666666666,46.2
Davis Bertans,4989,was,okc,0,20.6,13.8,13.8,7.0,7,28.78333333,28.78333333,2.0,2,8.0,8,2.0,2,4.0,4,0.0,0,1.0,1.0,1,2019-10-24,13.8,28.78333333,7.0,SF,belowAvg,10.661899976604131,22.488888888888887,46.7
Shai Gilgeous-Alexander,5690,okc,was,1,55.4,31.9,31.9,26.0,26,36.76666667,36.76666667,0.0,0,0.0,0,3.0,3,2.0,2,1.0,1,1.0,1.0,1,2019-10-24,31.9,36.76666667,26.0,PG,advanced,10.006640652229756,24.457142857142852,38.1
Kevin Knox,5705,nyk,bkn,0,23.2,18.0,18.0,13.0,13,21.16666667,21.16666667,5.0,5,9.0,9,3.0,3,5.0,5,0.0,0,0.0,1.0,1,2019-10-24,18.0,21.16666667,13.0,SF,belowAvg,12.568956466893608,35.966666666666654,55.2
Mike Muscala,4659,okc,was,1,6.6,16.8,16.8,4.0,4,15.6,15.6,0.0,0,4.0,4,0.0,0,4.0,4,2.0,2,0.0,1.0,1,2019-10-24,16.8,15.6,4.0,C,belowAvg,10.006640652229756,24.457142857142852,38.1
Kyle Lowry,3891,tor,bos,0,46.3,39.0,39.0,22.0,22,44.98333333,44.98333333,4.0,4,15.0,15,3.0,3,5.0,5,6.0,6,2.0,4.0,4,2019-10-24,39.0,44.98333333,22.0,PG,advanced,18.81761617664226,30.8625,62.1
Malik Monk,5133,cha,min,1,3.7,10.7,10.7,7.0,7,16.68333333,16.68333333,3.0,3,4.0,4,1.0,1,1.0,1,3.0,3,0.0,2.0,2,2019-10-24,10.7,16.68333333,7.0,SG,belowAvg,10.13575707229467,26.675,38.8
Dario Saric,4904,pho,den,0,17.6,17.8,17.8,7.0,7,21.26666667,21.26666667,2.0,2,7.0,7,1.0,1,4.0,4,0.0,0,1.0,0.0,0,2019-10-24,17.8,21.26666667,7.0,PF,belowAvg,12.453312812260034,29.266666666666666,46.2
Thaddeus Young,4037,chi,mem,0,13.7,25.6,25.6,17.0,17,25.4,25.4,7.0,7,11.0,11,3.0,3,3.0,3,2.0,2,1.0,1.0,1,2019-10-24,25.6,25.4,17.0,PF,average,13.88583553738948,30.375,60.4
Will Barton,4522,den,pho,1,18.2,36.0,36.0,19.0,19,31.43333333,31.43333333,3.0,3,8.0,8,2.0,2,5.0,5,2.0,2,2.0,1.0,1,2019-10-24,36.0,31.43333333,19.0,SF,advanced,10.255662392605906,23.81111111111111,36.0
J.J. Redick,3861,nor,dal,1,4.0,16.9,16.9,16.0,16,27.05,27.05,6.0,6,9.0,9,4.0,4,2.0,2,1.0,1,0.0,3.0,3,2019-10-24,16.9,27.05,16.0,SG,belowAvg,8.951739292653487,21.918181818181814,42.5
Treveon Graham,4804,min,cha,0,13.4,25.2,25.2,9.0,9,34.58333333,34.58333333,4.0,4,13.0,13,0.0,0,6.0,6,4.0,4,1.0,0.0,0,2019-10-24,25.2,34.58333333,9.0,SG,average,17.766760475049406,26.94444444444445,72.3
Mason Plumlee,4607,den,pho,1,11.5,20.3,20.3,5.0,5,19.46666667,19.46666667,2.0,2,4.0,4,0.0,0,4.0,4,5.0,5,1.0,0.0,0,2019-10-24,20.3,19.46666667,5.0,C,average,10.255662392605906,23.81111111111111,36.0
Norman Powell,4792,tor,bos,0,11.3,15.6,15.6,5.0,5,28.63333333,28.63333333,2.0,2,7.0,7,1.0,1,8.0,8,2.0,2,0.0,2.0,2,2019-10-24,15.6,28.63333333,5.0,SG,belowAvg,18.81761617664226,30.8625,62.1
Jae Crowder,4472,mem,chi,1,27.3,24.0,24.0,13.0,13,30.28333333,30.28333333,3.0,3,11.0,11,2.0,2,5.0,5,2.0,2,1.0,1.0,1,2019-10-24,24.0,30.28333333,13.0,SF,average,6.555108270993276,20.577777777777776,30.7
Kris Dunn,4945,chi,mem,0,28.4,28.4,28.4,11.0,11,23.83333333,23.83333333,5.0,5,7.0,7,0.0,0,2.0,2,2.0,2,4.0,0.0,0,2019-10-24,28.4,23.83333333,11.0,PG,average,13.88583553738948,30.375,60.4
Marvin Williams,3817,cha,min,1,-0.8,20.9,20.9,17.0,17,16.88333333,16.88333333,6.0,6,9.0,9,5.0,5,2.0,2,1.0,1,0.0,0.0,0,2019-10-24,20.9,16.88333333,17.0,PF,average,10.13575707229467,26.675,38.8
Paul Millsap,3904,den,pho,1,19.4,33.0,33.0,11.0,11,31.76666667,31.76666667,3.0,3,8.0,8,3.0,3,5.0,5,2.0,2,3.0,2.0,2,2019-10-24,33.0,31.76666667,11.0,PF,advanced,10.255662392605906,23.81111111111111,36.0
Delon Wright,4791,dal,nor,0,47.9,17.3,17.3,5.0,5,21.46666667,21.46666667,1.0,1,2.0,2,1.0,1,4.0,4,3.0,3,1.0,0.0,0,2019-10-24,17.3,21.46666667,5.0,SG,belowAvg,11.973780880383126,23.85,49.3
Josh Okogie,5674,min,cha,0,23.3,22.1,22.1,11.0,11,14.43333333,14.43333333,2.0,2,5.0,5,1.0,1,3.0,3,3.0,3,1.0,0.0,0,2019-10-24,22.1,14.43333333,11.0,SG,average,17.766760475049406,26.94444444444445,72.3
Shabazz Napier,4694,min,cha,0,32.7,15.7,15.7,5.0,5,20.98333333,20.98333333,1.0,1,7.0,7,0.0,0,1.0,1,7.0,7,0.0,1.0,1,2019-10-24,15.7,20.98333333,5.0,PG,belowAvg,17.766760475049406,26.94444444444445,72.3
Jaylen Brown,5017,bos,tor,1,46.8,18.4,18.4,8.0,8,20.86666667,20.86666667,3.0,3,6.0,6,1.0,1,7.0,7,0.0,0,1.0,1.0,1,2019-10-24,18.4,20.86666667,8.0,SG,belowAvg,8.930232226490395,23.128571428571423,38.0
Luka Doncic,5670,dal,nor,0,55.0,49.3,49.3,34.0,34,33.51666667,33.51666667,0.0,0,0.0,0,4.0,4,9.0,9,3.0,3,2.0,6.0,6,2019-10-24,49.3,33.51666667,34.0,PG,top,11.973780880383126,23.85,49.3
Ishmael Smith,4315,was,okc,0,16.9,17.6,17.6,7.0,7,24.25,24.25,3.0,3,9.0,9,1.0,1,3.0,3,4.0,4,0.0,2.0,2,2019-10-24,17.6,24.25,7.0,PG,belowAvg,10.661899976604131,22.488888888888887,46.7
Monte Morris,5191,den,pho,1,3.0,10.7,10.7,6.0,6,14.18333333,14.18333333,2.0,2,6.0,6,0.0,0,1.0,1,3.0,3,0.0,1.0,1,2019-10-24,10.7,14.18333333,6.0,PG,belowAvg,10.255662392605906,23.81111111111111,36.0
Dewayne Dedmon,4572,sac,por,1,14.6,12.7,12.7,3.0,3,14.21666667,14.21666667,1.0,1,3.0,3,0.0,0,6.0,6,1.0,1,0.0,2.0,2,2019-10-24,12.7,14.21666667,3.0,C,belowAvg,8.0460578930957,20.728571428571428,32.0
Gary Harris,4678,den,pho,1,20.4,12.6,12.6,8.0,8,35.23333333,35.23333333,3.0,3,11.0,11,1.0,1,3.0,3,0.0,0,2.0,5.0,5,2019-10-24,12.6,35.23333333,8.0,SG,belowAvg,10.255662392605906,23.81111111111111,36.0
Jeff Teague,4221,min,cha,0,18.9,23.6,23.6,14.0,14,34.56666667,34.56666667,5.0,5,8.0,8,0.0,0,3.0,3,4.0,4,1.0,3.0,3,2019-10-24,23.6,34.56666667,14.0,PG,average,17.766760475049406,26.94444444444445,72.3
Miles Bridges,5657,cha,min,1,21.9,24.5,24.5,8.0,8,31.7,31.7,4.0,4,7.0,7,0.0,0,5.0,5,3.0,3,0.0,3.0,3,2019-10-24,24.5,31.7,8.0,PF,average,10.13575707229467,26.675,38.8
Dejounte Murray,4963,sas,was,1,45.0,41.6,41.6,18.0,18,23.78333333,23.78333333,7.0,7,10.0,10,1.0,1,8.0,8,6.0,6,3.0,4.0,4,2019-10-25,41.6,23.78333333,18.0,PG,top,9.305165829318202,24.61111111111111,41.6
James Harden,4224,hou,nor,1,36.3,47.4,47.4,19.0,19,36.43333333,36.43333333,2.0,2,13.0,13,1.0,1,7.0,7,14.0,14,1.0,7.0,7,2019-10-25,47.4,36.43333333,19.0,SG,top,17.904069768790396,31.428571428571423,59.7
Josh Richardson,4788,phi,det,0,23.2,34.2,34.2,17.0,17,33.1,33.1,4.0,4,12.0,12,0.0,0,6.0,6,2.0,2,1.0,2.0,2,2019-10-25,34.2,33.1,17.0,SG,advanced,12.484905171560461,31.24285714285714,44.1
Derrick White,5148,sas,was,1,14.2,13.9,13.9,9.0,9,22.16666667,22.16666667,3.0,3,6.0,6,0.0,0,2.0,2,3.0,3,0.0,2.0,2,2019-10-25,13.9,22.16666667,9.0,PG,belowAvg,9.305165829318202,24.61111111111111,41.6
Tomas Satoransky,4980,chi,tor,1,18.4,29.6,19.55,5.5,9,23.158333335,21.95,1.5,2,6.0,7,0.0,0,1.5,3,2.5,2,2.0,0.5,1,2019-10-25,19.55,23.158333335,5.5,PG,belowAvg,15.077534632746671,28.95,60.3
Cam Reddish,5880,atl,orl,1,11.6,13.9,13.9,1.0,1,21.45,21.45,0.0,0,6.0,6,0.0,0,7.0,7,1.0,1,1.0,0.0,0,2019-10-25,13.9,21.45,1.0,SF,belowAvg,14.731089572736973,24.23333333333333,56.9
Clint Capela,4766,hou,nor,1,32.2,39.4,39.4,13.0,13,30.9,30.9,5.0,5,10.0,10,0.0,0,12.0,12,0.0,0,1.0,0.0,0,2019-10-25,39.4,30.9,13.0,C,advanced,17.904069768790396,31.428571428571423,59.7
Alex Len,4591,atl,orl,1,10.3,20.7,20.7,4.0,4,23.88333333,23.88333333,1.0,1,5.0,5,0.0,0,6.0,6,1.0,1,2.0,1.0,1,2019-10-25,20.7,23.88333333,4.0,C,average,14.731089572736973,24.23333333333333,56.9
Al-Farouq Aminu,4261,orl,atl,0,5.8,15.4,15.4,5.0,5,29.1,29.1,1.0,1,5.0,5,1.0,1,7.0,7,0.0,0,1.0,1.0,1,2019-10-25,15.4,29.1,5.0,PF,belowAvg,6.613958303802983,23.622222222222227,38.3
Patrick Patterson,4302,lac,pho,0,17.9,24.1,15.85,12.0,20,22.825000000000006,28.16666667,4.0,7,8.0,13,3.5,6,3.0,3,0.5,1,0.0,0.5,1,2019-10-25,15.85,22.825000000000006,12.0,PF,belowAvg,12.145584726494752,25.794444444444448,44.15000000000001
Domantas Sabonis,4921,ind,cle,0,24.0,43.6,43.6,27.0,27,35.7,35.7,0.0,0,0.0,0,0.0,0,13.0,13,2.0,2,0.0,2.0,2,2019-10-25,43.6,35.7,27.0,PF,top,15.22516713490247,28.47142857142857,46.8
Bojan Bogdanovic,4709,uta,sac,1,34.3,22.6,22.6,16.0,16,23.9,23.9,6.0,6,14.0,14,1.0,1,3.0,3,0.0,0,1.0,0.0,0,2019-10-25,22.6,23.9,16.0,SF,average,12.721523075612408,19.931944444444444,49.2
George Hill,4102,mil,mia,1,18.4,24.5,24.5,8.0,8,30.78333333,30.78333333,3.0,3,7.0,7,2.0,2,0.0,0,7.0,7,2.0,0.0,0,2019-10-25,24.5,30.78333333,8.0,PG,average,15.018497853573034,28.644444444444442,65.1
DeMar DeRozan,4211,sas,was,1,43.3,22.8,22.8,13.0,13,31.63333333,31.63333333,3.0,3,10.0,10,0.0,0,4.0,4,4.0,4,0.0,4.0,4,2019-10-25,22.8,31.63333333,13.0,SG,average,9.305165829318202,24.61111111111111,41.6
P.J. Tucker,3871,hou,nor,1,30.5,26.4,26.4,17.0,17,38.35,38.35,6.0,6,10.0,10,5.0,5,7.0,7,0.0,0,1.0,2.0,2,2019-10-25,26.4,38.35,17.0,PF,average,17.904069768790396,31.428571428571423,59.7
Trey Lyles,4806,sas,was,1,14.9,20.2,20.2,8.0,8,24.28333333,24.28333333,3.0,3,4.0,4,0.0,0,11.0,11,0.0,0,0.0,1.0,1,2019-10-25,20.2,24.28333333,8.0,PF,average,9.305165829318202,24.61111111111111,41.6
Ben Simmons,4925,phi,det,0,48.8,43.1,43.1,24.0,24,34.98333333,34.98333333,0.0,0,0.0,0,0.0,0,8.0,8,9.0,9,0.0,4.0,4,2019-10-25,43.1,34.98333333,24.0,PG,top,12.484905171560461,31.24285714285714,44.1
Trae Young,5708,atl,orl,1,61.9,56.9,56.9,38.0,38,37.25,37.25,0.0,0,0.0,0,6.0,6,7.0,7,9.0,9,1.0,6.0,6,2019-10-25,56.9,37.25,38.0,PG,top,14.731089572736973,24.23333333333333,56.9
Pat Connaughton,4811,mil,mia,1,3.9,20.8,20.8,10.0,10,16.8,16.8,4.0,4,8.0,8,2.0,2,4.0,4,2.0,2,0.0,0.0,0,2019-10-25,20.8,16.8,10.0,SG,average,15.018497853573034,28.644444444444442,65.1
LaMarcus Aldridge,3860,sas,was,1,45.3,35.1,35.1,22.0,22,35.3,35.3,8.0,8,15.0,15,1.0,1,8.0,8,1.0,1,0.0,4.0,4,2019-10-25,35.1,35.3,22.0,PF,advanced,9.305165829318202,24.61111111111111,41.6
Tobias Harris,4412,phi,det,0,41.9,41.0,41.0,15.0,15,37.61666667,37.61666667,6.0,6,11.0,11,2.0,2,15.0,15,4.0,4,2.0,4.0,4,2019-10-25,41.0,37.61666667,15.0,SF,top,12.484905171560461,31.24285714285714,44.1
Jakob Poeltl,5004,sas,was,1,27.2,15.3,15.3,6.0,6,16.11666667,16.11666667,3.0,3,4.0,4,0.0,0,4.0,4,1.0,1,0.0,0.0,0,2019-10-25,15.3,16.11666667,6.0,C,belowAvg,9.305165829318202,24.61111111111111,41.6
Kendrick Nunn,5671,mia,mil,0,38.3,35.9,35.9,24.0,24,26.51666667,26.51666667,0.0,0,0.0,0,1.0,1,2.0,2,3.0,3,2.0,1.0,1,2019-10-25,35.9,26.51666667,24.0,PG,advanced,8.907006337976966,31.785714285714285,48.9
Allonzo Trier,5701,nyk,bos,1,3.7,30.6,14.8,11.0,22,15.133333335,23.41666667,3.0,6,5.0,7,1.5,3,1.5,3,1.0,2,0.5,2.5,4,2019-10-25,14.8,15.133333335,11.0,SG,belowAvg,14.101420101485752,26.755357142857147,46.15000000000001
Bryn Forbes,4995,sas,was,1,22.3,27.5,27.5,20.0,20,32.51666667,32.51666667,7.0,7,12.0,12,3.0,3,5.0,5,1.0,1,0.0,0.0,0,2019-10-25,27.5,32.51666667,20.0,PG,average,9.305165829318202,24.61111111111111,41.6
Justise Winslow,4787,mia,mil,0,36.1,48.9,48.9,27.0,27,36.96666667,36.96666667,0.0,0,0.0,0,1.0,1,7.0,7,7.0,7,1.0,3.0,3,2019-10-25,48.9,36.96666667,27.0,SF,top,8.907006337976966,31.785714285714285,48.9
Goran Dragic,4092,mia,mil,0,45.2,32.1,32.1,19.0,19,25.11666667,25.11666667,4.0,4,9.0,9,2.0,2,3.0,3,3.0,3,1.0,4.0,4,2019-10-25,32.1,25.11666667,19.0,PG,advanced,8.907006337976966,31.785714285714285,48.9
Russell Westbrook,4079,hou,nor,1,58.5,59.7,59.7,24.0,24,32.86666667,32.86666667,7.0,7,17.0,17,3.0,3,16.0,16,7.0,7,2.0,3.0,3,2019-10-25,59.7,32.86666667,24.0,PG,top,17.904069768790396,31.428571428571423,59.7
Richaun Holmes,4835,sac,uta,0,9.7,22.2,15.6,5.5,10,17.325000000000006,17.23333333,2.0,4,4.0,6,0.0,0,5.5,6,0.0,0,0.0,1.0,1,2019-10-25,15.6,17.325000000000006,5.5,PF,belowAvg,8.760068747968063,20.597916666666666,35.85
Jonathan Isaac,5137,orl,atl,0,26.8,22.6,22.6,3.0,3,23.98333333,23.98333333,1.0,1,3.0,3,0.0,0,8.0,8,2.0,2,1.0,2.0,2,2019-10-25,22.6,23.98333333,3.0,SF,average,6.613958303802983,23.622222222222227,38.3
Thon Maker,4935,det,phi,1,11.9,13.5,11.45,2.5,1,17.625,19.26666667,0.5,0,2.5,1,0.0,0,3.5,5,0.5,1,0.0,0.5,1,2019-10-25,11.45,17.625,2.5,C,belowAvg,18.00536947415069,24.88125,65.5
Danuel House,4916,hou,nor,1,27.6,19.9,19.9,8.0,8,26.06666667,26.06666667,2.0,2,6.0,6,2.0,2,2.0,2,3.0,3,1.0,1.0,1,2019-10-25,19.9,26.06666667,8.0,SF,belowAvg,17.904069768790396,31.428571428571423,59.7
John Collins,5134,atl,orl,1,34.9,40.5,40.5,18.0,18,30.23333333,30.23333333,8.0,8,15.0,15,1.0,1,10.0,10,1.0,1,2.0,0.0,0,2019-10-25,40.5,30.23333333,18.0,PF,top,14.731089572736973,24.23333333333333,56.9
Al Horford,3998,phi,det,0,44.3,24.9,24.9,16.0,16,31.18333333,31.18333333,5.0,5,13.0,13,1.0,1,2.0,2,3.0,3,1.0,1.0,1,2019-10-25,24.9,31.18333333,16.0,PF,average,12.484905171560461,31.24285714285714,44.1
Rudy Gay,3857,sas,was,1,27.8,27.7,27.7,13.0,13,20.3,20.3,4.0,4,9.0,9,0.0,0,6.0,6,3.0,3,1.0,3.0,3,2019-10-25,27.7,20.3,13.0,SF,average,9.305165829318202,24.61111111111111,41.6
Evan Turner,4318,atl,orl,1,5.1,18.0,18.0,9.0,9,16.8,16.8,4.0,4,4.0,4,0.0,0,0.0,0,4.0,4,1.0,0.0,0,2019-10-25,18.0,16.8,9.0,SG,belowAvg,14.731089572736973,24.23333333333333,56.9
Kevin Love,4074,cle,ind,1,52.1,38.1,38.1,11.0,11,35.95,35.95,4.0,4,10.0,10,0.0,0,18.0,18,3.0,3,1.0,2.0,2,2019-10-25,38.1,35.95,11.0,PF,advanced,8.882366158374051,23.325000000000006,38.1
D.J. Augustin,4078,orl,atl,0,21.4,20.1,20.1,9.0,9,24.56666667,24.56666667,4.0,4,9.0,9,1.0,1,3.0,3,5.0,5,0.0,0.0,0,2019-10-25,20.1,24.56666667,9.0,PG,average,6.613958303802983,23.622222222222227,38.3
Bruno Fernando,5881,atl,orl,1,11.0,13.6,13.6,7.0,7,14.43333333,14.43333333,3.0,3,6.0,6,1.0,1,3.0,3,2.0,2,0.0,0.0,0,2019-10-25,13.6,14.43333333,7.0,PF,belowAvg,14.731089572736973,24.23333333333333,56.9
Terrence Ross,4549,orl,atl,0,13.3,19.8,19.8,10.0,10,19.46666667,19.46666667,4.0,4,13.0,13,2.0,2,4.0,4,0.0,0,2.0,1.0,1,2019-10-25,19.8,19.46666667,10.0,SG,belowAvg,6.613958303802983,23.622222222222227,38.3
Aaron Gordon,4705,orl,atl,0,27.9,23.9,23.9,9.0,9,28.88333333,28.88333333,2.0,2,8.0,8,1.0,1,2.0,2,3.0,3,2.0,1.0,1,2019-10-25,23.9,28.88333333,9.0,PF,average,6.613958303802983,23.622222222222227,38.3
Tyson Chandler,3307,hou,nor,1,6.4,16.0,16.0,10.0,10,10.51666667,10.51666667,5.0,5,6.0,6,0.0,0,5.0,5,0.0,0,0.0,0.0,0,2019-10-25,16.0,10.51666667,10.0,C,belowAvg,17.904069768790396,31.428571428571423,59.7
Ersan Ilyasova,3765,mil,mia,1,21.5,27.2,27.2,13.0,13,20.06666667,20.06666667,6.0,6,8.0,8,1.0,1,11.0,11,0.0,0,0.0,2.0,2,2019-10-25,27.2,20.06666667,13.0,PF,average,15.018497853573034,28.644444444444442,65.1
T.J. Warren,4724,ind,cle,0,12.4,13.2,13.2,10.0,10,33.53333333,33.53333333,5.0,5,12.0,12,0.0,0,1.0,1,0.0,0,0.0,1.0,1,2019-10-25,13.2,33.53333333,10.0,SF,belowAvg,15.22516713490247,28.47142857142857,46.8
Markelle Fultz,5131,orl,atl,0,20.1,24.0,24.0,12.0,12,23.43333333,23.43333333,6.0,6,12.0,12,0.0,0,0.0,0,6.0,6,2.0,3.0,3,2019-10-25,24.0,23.43333333,12.0,PG,average,6.613958303802983,23.622222222222227,38.3
Brook Lopez,4075,mil,mia,1,22.9,32.9,32.9,11.0,11,26.88333333,26.88333333,4.0,4,9.0,9,1.0,1,2.0,2,3.0,3,0.0,0.0,0,2019-10-25,32.9,26.88333333,11.0,C,advanced,15.018497853573034,28.644444444444442,65.1
Myles Turner,4781,ind,cle,0,25.7,46.8,46.8,25.0,25,38.08333333,38.08333333,9.0,9,15.0,15,4.0,4,9.0,9,0.0,0,2.0,4.0,4,2019-10-25,46.8,38.08333333,25.0,C,top,15.22516713490247,28.47142857142857,46.8
Evan Fournier,4468,orl,atl,0,30.6,28.6,28.6,16.0,16,28.1,28.1,7.0,7,13.0,13,2.0,2,3.0,3,4.0,4,1.0,3.0,3,2019-10-25,28.6,28.1,16.0,SG,average,6.613958303802983,23.622222222222227,38.3
Wes Matthews,4164,mil,mia,1,19.7,28.3,28.3,14.0,14,30.38333333,30.38333333,6.0,6,12.0,12,2.0,2,4.0,4,1.0,1,2.0,1.0,1,2019-10-25,28.3,30.38333333,14.0,SG,average,15.018497853573034,28.644444444444442,65.1
De'Andre Hunter,5879,atl,orl,1,14.1,14.4,14.4,14.0,14,25.45,25.45,5.0,5,8.0,8,2.0,2,2.0,2,0.0,0,0.0,2.0,2,2019-10-25,14.4,25.45,14.0,SF,belowAvg,14.731089572736973,24.23333333333333,56.9
Malcolm Brogdon,5013,ind,cle,0,52.4,43.1,43.1,22.0,22,35.85,35.85,5.0,5,13.0,13,2.0,2,3.0,3,11.0,11,0.0,2.0,2,2019-10-25,43.1,35.85,22.0,PG,top,15.22516713490247,28.47142857142857,46.8
Tristan Thompson,4380,cle,ind,1,49.6,32.7,32.7,16.0,16,33.25,33.25,8.0,8,11.0,11,0.0,0,11.0,11,1.0,1,0.0,1.0,1,2019-10-25,32.7,33.25,16.0,C,advanced,8.882366158374051,23.325000000000006,38.1
Kyle Korver,3547,mil,mia,1,14.2,15.7,15.7,5.0,5,15.23333333,15.23333333,2.0,2,4.0,4,1.0,1,6.0,6,1.0,1,1.0,1.0,1,2019-10-25,15.7,15.23333333,5.0,SG,belowAvg,15.018497853573034,28.644444444444442,65.1
Edmond Sumner,5144,ind,cle,0,12.7,18.2,18.2,6.0,6,21.88333333,21.88333333,3.0,3,6.0,6,0.0,0,1.0,1,2.0,2,3.0,1.0,1,2019-10-25,18.2,21.88333333,6.0,PG,belowAvg,15.22516713490247,28.47142857142857,46.8
Jordan Clarkson,4668,cle,ind,1,22.9,14.4,14.4,7.0,7,18.31666667,18.31666667,2.0,2,12.0,12,0.0,0,2.0,2,0.0,0,2.0,1.0,1,2019-10-25,14.4,18.31666667,7.0,SG,belowAvg,8.882366158374051,23.325000000000006,38.1
Mike Scott,4488,phi,det,0,22.1,14.7,14.7,6.0,6,16.28333333,16.28333333,2.0,2,7.0,7,0.0,0,6.0,6,1.0,1,0.0,0.0,0,2019-10-25,14.7,16.28333333,6.0,PF,belowAvg,12.484905171560461,31.24285714285714,44.1
Patty Mills,4245,sas,was,1,9.0,17.4,17.4,8.0,8,16.13333333,16.13333333,3.0,3,11.0,11,2.0,2,2.0,2,2.0,2,2.0,2.0,2,2019-10-25,17.4,16.13333333,8.0,PG,belowAvg,9.305165829318202,24.61111111111111,41.6
Frank Jackson,5168,nor,hou,0,15.4,13.0,11.25,9.5,10,14.316666665,14.78333333,3.5,4,7.5,9,1.5,2,0.0,0,1.5,2,0.0,0.5,0,2019-10-25,11.25,14.316666665,9.5,PG,belowAvg,11.324326793461573,22.027272727272724,43.8
Ivica Zubac,4924,lac,pho,0,15.0,34.5,21.85,12.0,16,13.7500000015,17.86666667,4.0,4,4.5,5,0.0,0,5.5,10,0.5,1,0.0,0.5,1,2019-10-25,21.85,13.7500000015,12.0,C,average,12.145584726494752,25.794444444444448,44.15000000000001
DeAndre Bembry,5001,atl,orl,1,20.9,20.9,20.9,8.0,8,23.51666667,23.51666667,4.0,4,5.0,5,0.0,0,2.0,2,3.0,3,2.0,0.0,0,2019-10-25,20.9,23.51666667,8.0,SF,average,14.731089572736973,24.23333333333333,56.9
Grant Williams,5846,bos,nyk,0,24.7,20.4,10.8,2.0,4,14.541666665,21.88333333,1.0,2,5.0,9,0.0,0,4.0,7,2.0,4,0.5,0.5,1,2019-10-25,10.8,14.541666665,2.0,PF,belowAvg,12.733718495808516,24.57986111111111,44.4
Matisse Thybulle,5906,phi,det,0,7.4,16.7,16.7,3.0,3,21.68333333,21.68333333,1.0,1,5.0,5,1.0,1,1.0,1,1.0,1,2.0,1.0,1,2019-10-25,16.7,21.68333333,3.0,SF,belowAvg,12.484905171560461,31.24285714285714,44.1
T.J. McConnell,4831,ind,cle,0,17.3,14.1,14.1,4.0,4,13.41666667,13.41666667,2.0,2,4.0,4,0.0,0,3.0,3,3.0,3,0.0,1.0,1,2019-10-25,14.1,13.41666667,4.0,PG,belowAvg,15.22516713490247,28.47142857142857,46.8
Giannis Antetokounmpo,4621,mil,mia,1,69.9,65.1,65.1,30.0,30,28.16666667,28.16666667,0.0,0,0.0,0,2.0,2,13.0,13,11.0,11,1.0,3.0,3,2019-10-25,65.1,28.16666667,30.0,SF,top,15.018497853573034,28.644444444444442,65.1
Bam Adebayo,5159,mia,mil,0,46.6,29.7,29.7,14.0,14,24.05,24.05,3.0,3,7.0,7,0.0,0,11.0,11,3.0,3,1.0,5.0,5,2019-10-25,29.7,24.05,14.0,PF,average,8.907006337976966,31.785714285714285,48.9
Kelly Olynyk,4583,mia,mil,0,26.3,23.6,23.6,7.0,7,22.21666667,22.21666667,1.0,1,3.0,3,1.0,1,8.0,8,0.0,0,1.0,2.0,2,2019-10-25,23.6,22.21666667,7.0,C,average,8.907006337976966,31.785714285714285,48.9
Eric Gordon,4077,hou,nor,1,19.9,11.2,11.2,11.0,11,27.61666667,27.61666667,4.0,4,19.0,19,3.0,3,1.0,1,0.0,0,0.0,1.0,1,2019-10-25,11.2,27.61666667,11.0,SF,belowAvg,17.904069768790396,31.428571428571423,59.7
Nikola Vucevic,4373,orl,atl,0,33.5,38.3,38.3,21.0,21,34.21666667,34.21666667,8.0,8,16.0,16,1.0,1,9.0,9,3.0,3,1.0,1.0,1,2019-10-25,38.3,34.21666667,21.0,C,advanced,6.613958303802983,23.622222222222227,38.3
Mitchell Robinson,5700,nyk,bos,1,32.2,27.9,27.9,6.0,6,16.58333333,16.58333333,3.0,3,4.0,4,0.0,0,7.0,7,1.0,1,4.0,3.0,3,2019-10-25,27.9,16.58333333,6.0,C,average,14.101420101485752,26.755357142857147,46.15000000000001
Khris Middleton,4490,mil,mia,1,35.3,29.1,29.1,11.0,11,33.33333333,33.33333333,4.0,4,16.0,16,3.0,3,8.0,8,3.0,3,1.0,2.0,2,2019-10-25,29.1,33.33333333,11.0,SG,average,15.018497853573034,28.644444444444442,65.1
Chris Silva,5913,mia,mil,0,0.0,22.2,22.2,8.0,8,11.38333333,11.38333333,3.0,3,3.0,3,0.0,0,6.0,6,0.0,0,0.0,2.0,2,2019-10-25,22.2,11.38333333,8.0,PF,average,8.907006337976966,31.785714285714285,48.9
Cedi Osman,5116,cle,ind,1,1.2,23.6,23.6,13.0,13,28.98333333,28.98333333,5.0,5,9.0,9,3.0,3,3.0,3,2.0,2,2.0,2.0,2,2019-10-25,23.6,28.98333333,13.0,SF,average,8.882366158374051,23.325000000000006,38.1
Collin Sexton,5721,cle,ind,1,26.5,18.4,18.4,16.0,16,29.9,29.9,5.0,5,15.0,15,3.0,3,2.0,2,2.0,2,0.0,3.0,3,2019-10-25,18.4,29.9,16.0,PG,belowAvg,8.882366158374051,23.325000000000006,38.1
Tyler Herro,5914,mia,mil,0,17.0,30.1,30.1,14.0,14,33.9,33.9,6.0,6,14.0,14,1.0,1,8.0,8,1.0,1,2.0,1.0,1,2019-10-25,30.1,33.9,14.0,SG,advanced,8.907006337976966,31.785714285714285,48.9
Mohamed Bamba,5706,orl,atl,0,10.0,19.9,19.9,7.0,7,13.78333333,13.78333333,3.0,3,5.0,5,1.0,1,7.0,7,1.0,1,1.0,0.0,0,2019-10-25,19.9,13.78333333,7.0,C,belowAvg,6.613958303802983,23.622222222222227,38.3
Larry Nance,4798,cle,ind,1,18.3,27.8,27.8,9.0,9,26.8,26.8,4.0,4,11.0,11,1.0,1,14.0,14,2.0,2,0.0,4.0,4,2019-10-25,27.8,26.8,9.0,SF,average,8.882366158374051,23.325000000000006,38.1
Aron Baynes,4556,pho,lac,1,33.1,29.9,18.4,10.0,15,19.5833333315,29.38333333,4.0,6,6.5,10,1.0,1,4.5,7,2.0,3,0.5,1.5,1,2019-10-25,18.4,19.5833333315,10.0,C,belowAvg,13.256386474335955,25.253888888888888,42.90000000000001
Eric Bledsoe,4266,mil,mia,1,21.4,14.2,14.2,11.0,11,16.08333333,16.08333333,4.0,4,12.0,12,2.0,2,1.0,1,2.0,2,0.0,1.0,1,2019-10-25,14.2,16.08333333,11.0,PG,belowAvg,15.018497853573034,28.644444444444442,65.1
Matthew Dellavedova,4610,cle,ind,1,7.7,13.7,13.7,5.0,5,18.1,18.1,2.0,2,6.0,6,0.0,0,1.0,1,3.0,3,1.0,0.0,0,2019-10-25,13.7,18.1,5.0,PG,belowAvg,8.882366158374051,23.325000000000006,38.1
Darius Garland,5860,cle,ind,1,18.2,17.9,17.9,8.0,8,31.53333333,31.53333333,3.0,3,9.0,9,2.0,2,2.0,2,5.0,5,1.0,3.0,3,2019-10-25,17.9,31.53333333,8.0,PG,belowAvg,8.882366158374051,23.325000000000006,38.1
Jabari Parker,4728,atl,orl,1,16.3,19.2,19.2,18.0,18,22.68333333,22.68333333,8.0,8,11.0,11,1.0,1,1.0,1,0.0,0,0.0,0.0,0,2019-10-25,19.2,22.68333333,18.0,PF,belowAvg,14.731089572736973,24.23333333333333,56.9
Bogdan Bogdanovic,5138,sac,uta,0,15.4,28.7,17.55,9.0,16,25.383333335,28.7,3.0,5,10.5,11,2.0,4,1.5,1,2.5,3,1.5,1.5,2,2019-10-25,17.55,25.383333335,9.0,SG,belowAvg,8.760068747968063,20.597916666666666,35.85
Anfernee Simons,5662,por,dal,0,2.0,17.4,13.7,10.0,15,16.708333335,21.15,4.0,6,8.0,9,1.5,3,1.0,2,0.0,0,1.5,2.0,3,2019-10-26,13.7,16.708333335,10.0,PG,belowAvg,13.838463150737148,27.6,51.65
Bismack Biyombo,4458,cha,lal,0,1.7,17.8,17.8,8.0,8,17.63333333,17.63333333,3.0,3,4.0,4,0.0,0,4.0,4,2.0,2,0.0,1.0,1,2019-10-26,17.8,17.63333333,8.0,C,belowAvg,8.489971526170237,23.96357142857143,34.099999999999994
Avery Bradley,4269,lal,cha,1,11.2,24.0,16.8,8.5,9,24.93333333,25.83333333,3.0,3,7.5,8,1.5,1,4.0,5,0.0,0,1.0,1.0,0,2019-10-26,16.8,24.93333333,8.5,SG,belowAvg,17.90228053759702,30.88333333333333,53.95
DeAndre Jordan,4107,bkn,mem,0,26.9,21.7,13.9,4.5,7,19.691666665,22.75,1.5,3,3.0,5,0.0,0,7.0,11,1.0,1,0.5,2.0,3,2019-10-26,13.9,19.691666665,4.5,C,belowAvg,15.121968894677176,26.6625,57.0
Caleb Martin,5855,cha,lal,0,0.2,18.9,18.9,4.0,4,17.65,17.65,2.0,2,8.0,8,0.0,0,2.0,2,3.0,3,1.0,1.0,1,2019-10-26,18.9,17.65,4.0,SF,belowAvg,8.489971526170237,23.96357142857143,34.099999999999994
Stephen Curry,4173,gsw,okc,0,38.1,28.8,28.8,23.0,23,29.8,29.8,8.0,8,20.0,20,2.0,2,4.0,4,4.0,4,1.0,8.0,8,2019-10-26,28.8,29.8,23.0,PG,average,6.467706102028928,21.37,31.0
Guillermo Hernangomez,4949,cha,lal,0,1.5,18.2,18.2,6.0,6,19.68333333,19.68333333,3.0,3,6.0,6,0.0,0,6.0,6,0.0,0,1.0,1.0,1,2019-10-26,18.2,19.68333333,6.0,C,belowAvg,8.489971526170237,23.96357142857143,34.099999999999994
Draymond Green,4504,gsw,okc,0,24.0,23.3,23.3,11.0,11,28.41666667,28.41666667,3.0,3,6.0,6,1.0,1,4.0,4,3.0,3,1.0,0.0,0,2019-10-26,23.3,28.41666667,11.0,PF,average,6.467706102028928,21.37,31.0
Jacob Evans III,5673,gsw,okc,0,4.5,20.3,20.3,14.0,14,21.71666667,21.71666667,5.0,5,9.0,9,4.0,4,4.0,4,1.0,1,0.0,0.0,0,2019-10-26,20.3,21.71666667,14.0,SG,average,6.467706102028928,21.37,31.0
Cody Zeller,4614,cha,lal,0,55.3,29.9,29.9,15.0,15,35.1,35.1,6.0,6,11.0,11,0.0,0,12.0,12,1.0,1,0.0,1.0,1,2019-10-26,29.9,35.1,15.0,C,average,8.489971526170237,23.96357142857143,34.099999999999994
Garrett Temple,4199,bkn,mem,0,15.2,13.9,11.45,5.0,6,17.93333333,18.83333333,2.0,2,5.0,4,1.0,2,1.0,2,0.5,1,2.0,1.5,2,2019-10-26,11.45,17.93333333,5.0,SG,belowAvg,15.121968894677176,26.6625,57.0
Eric Paschall,5815,gsw,okc,0,15.1,28.3,28.3,14.0,14,31.46666667,31.46666667,6.0,6,13.0,13,0.0,0,4.0,4,3.0,3,2.0,1.0,1,2019-10-26,28.3,31.46666667,14.0,PF,average,6.467706102028928,21.37,31.0
D'Angelo Russell,4799,gsw,okc,0,9.2,31.0,31.0,20.0,20,33.25,33.25,6.0,6,16.0,16,4.0,4,0.0,0,8.0,8,0.0,1.0,1,2019-10-26,31.0,33.25,20.0,SG,advanced,6.467706102028928,21.37,31.0
Jordan Poole,5816,gsw,okc,0,10.9,12.4,12.4,5.0,5,20.8,20.8,2.0,2,13.0,13,1.0,1,2.0,2,2.0,2,1.0,1.0,1,2019-10-26,12.4,20.8,5.0,SG,belowAvg,6.467706102028928,21.37,31.0
Glenn Robinson III,4702,gsw,okc,0,14.2,22.0,22.0,13.0,13,30.23333333,30.23333333,5.0,5,10.0,10,1.0,1,5.0,5,2.0,2,0.0,0.0,0,2019-10-26,22.0,30.23333333,13.0,SF,average,6.467706102028928,21.37,31.0
Marquese Chriss,4952,gsw,okc,0,27.3,16.3,16.3,8.0,8,14.48333333,14.48333333,1.0,1,2.0,2,0.0,0,4.0,4,1.0,1,1.0,1.0,1,2019-10-26,16.3,14.48333333,8.0,PF,belowAvg,6.467706102028928,21.37,31.0
Meyers Leonard,4521,mia,min,0,10.1,18.4,12.5,4.0,8,21.091666665,23.5,1.5,3,3.0,4,1.0,2,5.0,7,0.0,0,1.0,0.5,1,2019-10-26,12.5,21.091666665,4.0,C,belowAvg,14.661469806699188,26.7,47.75
Troy Daniels,4658,lal,cha,1,8.0,20.6,13.55,10.5,15,18.8,21.36666667,3.5,5,7.5,9,2.5,4,1.5,3,0.5,0,0.5,1.0,1,2019-10-26,13.55,18.8,10.5,SG,belowAvg,17.90228053759702,30.88333333333333,53.95
Cody Martin,5852,cha,lal,0,3.0,16.3,16.3,4.0,4,17.35,17.35,1.0,1,4.0,4,0.0,0,4.0,4,1.0,1,2.0,0.0,0,2019-10-26,16.3,17.35,4.0,SG,belowAvg,8.489971526170237,23.96357142857143,34.099999999999994
Omari Spellman,5755,gsw,okc,0,35.6,17.0,17.0,8.0,8,10.96666667,10.96666667,2.0,2,6.0,6,1.0,1,5.0,5,0.0,0,1.0,0.0,0,2019-10-26,17.0,10.96666667,8.0,PF,belowAvg,6.467706102028928,21.37,31.0
Justin Holiday,4558,ind,det,0,22.7,25.0,15.5,5.0,10,19.34166667,24.11666667,2.0,4,6.0,10,1.0,2,2.5,5,2.0,2,1.5,0.0,0,2019-10-27,15.5,19.34166667,5.0,SF,belowAvg,14.913256670883348,24.93839285714286,49.6
Kevin Huerter,5754,atl,phi,1,17.9,20.4,14.85,5.0,10,17.383333335,20.7,1.5,3,5.0,7,1.0,2,3.0,2,4.5,4,0.0,2.0,1,2019-10-27,14.85,17.383333335,5.0,SG,belowAvg,15.652268964531915,21.695,59.4
Michael Carter-Williams,4575,orl,tor,0,5.6,22.3,14.95,3.5,5,15.575,16.68333333,1.5,2,4.0,6,0.5,1,3.5,4,0.5,1,2.0,1.0,1,2019-10-27,14.95,15.575,3.5,PG,belowAvg,8.561417675293239,21.595,35.9
Terrance Ferguson,5225,okc,hou,0,8.9,20.4,10.699999999999998,5.0,13,25.244444443333336,29.83333333,1.6666666666666667,5,3.6666666666666665,7,1.0,3,2.6666666666666665,2,1.6666666666666667,4,0.0,1.0,1,2019-10-27,10.699999999999998,25.244444443333336,5.0,SG,belowAvg,14.041909991163404,22.41666666666667,47.7
James Ennis,4697,phi,atl,0,8.1,14.1,10.65,6.0,9,14.441666665,11.93333333,1.5,3,3.5,4,0.0,0,4.5,3,0.5,1,0.0,1.5,0,2019-10-27,10.65,14.441666665,6.0,SF,belowAvg,15.241780363903056,28.533035714285717,46.45
Nerlens Noel,4652,okc,hou,0,24.6,21.8,10.633333333333336,2.6666666666666665,6,8.922222222333334,14.85,1.3333333333333333,3,2.0,4,0.0,0,2.333333333333333,4,1.0,2,0.3333333333333333,0.3333333333333333,1,2019-10-27,10.633333333333336,8.922222222333334,2.6666666666666665,PF,belowAvg,14.041909991163404,22.41666666666667,47.7
Malik Beasley,4999,den,sac,0,21.2,25.3,17.5,11.5,17,21.05,28.71666667,4.5,7,8.5,11,2.0,2,2.5,4,1.0,1,1.0,1.5,1,2019-10-27,17.5,21.05,11.5,SG,belowAvg,13.26374942913127,24.822222222222226,48.9
Joel Embiid,4762,phi,atl,0,64.1,44.1,44.1,15.0,15,23.25,23.25,5.0,5,14.0,14,1.0,1,13.0,13,3.0,3,0.0,0.0,0,2019-10-27,44.1,23.25,15.0,C,top,15.241780363903056,28.533035714285717,46.45
Mario Hezonja,4776,por,sas,0,22.7,22.6,13.4,3.6666666666666665,4,20.12222222333333,24.85,1.3333333333333333,2,4.333333333333333,7,0.0,0,5.333333333333333,8,0.6666666666666666,2,0.6666666666666666,0.6666666666666666,0,2019-10-27,13.4,20.12222222333333,3.6666666666666665,SF,belowAvg,14.6964818347927,27.623809523809523,51.83333333333334
Quinn Cook,4863,lal,mem,1,13.1,27.6,14.5,6.666666666666668,12,20.722222220000006,24.03333333,3.0,5,8.0,9,0.6666666666666666,2,1.6666666666666667,3,4.333333333333333,8,0.0,0.6666666666666666,0,2019-10-28,14.5,20.722222220000006,6.666666666666668,PG,belowAvg,18.08034547801956,24.25185185185185,55.06666666666666
Tim Hardaway Jr.,4628,dal,den,0,23.6,11.7,10.2,7.666666666666668,11,21.655555556666666,21.93333333,2.0,2,7.333333333333332,7,0.6666666666666666,0,1.0,1,1.3333333333333333,1,0.0,0.6666666666666666,2,2019-10-28,10.2,21.655555556666666,7.666666666666668,SF,belowAvg,16.68977318619459,25.16666666666667,55.4
Duncan Robinson,5681,mia,atl,1,1.2,29.9,15.533333333333333,11.0,21,23.15555555333333,23.23333333,4.0,8,7.666666666666668,12,2.6666666666666665,4,1.0,2,0.6666666666666666,1,0.0,0.6666666666666666,1,2019-10-28,15.533333333333333,23.15555555333333,11.0,SG,belowAvg,14.701250621467187,24.82481481481481,46.36666666666667
Solomon Hill,4566,mem,lal,0,21.3,22.5,22.5,13.0,13,24.33333333,24.33333333,5.0,5,5.0,5,1.0,1,5.0,5,3.0,3,0.0,1.0,1,2019-10-28,22.5,24.33333333,13.0,SF,average,8.486804618599317,26.075925925925933,40.06666666666667
Kentavious Caldwell-Pope,4616,lal,mem,1,26.7,16.2,11.4,3.6666666666666665,10,22.23333333,18.58333333,1.3333333333333333,4,5.666666666666668,8,0.6666666666666666,2,2.0,1,2.0,2,1.0,0.6666666666666666,1,2019-10-28,11.4,22.23333333,3.6666666666666665,SG,belowAvg,18.08034547801956,24.25185185185185,55.06666666666666
Tim Frazier,4717,det,tor,0,16.7,16.4,10.325,3.75,2,13.61250000175,21.9,1.0,0,4.0,4,0.5,0,1.0,2,3.25,8,0.5,1.0,0,2019-10-29,13.766666666666666,17.794444446666667,5.0,PG,belowAvg,14.640156846922553,22.869117647058815,59.7
Jeremy Lamb,4514,ind,bkn,0,34.4,20.3,20.3,10.0,10,25.86666667,25.86666667,4.0,4,11.0,11,0.0,0,4.0,4,3.0,3,1.0,2.0,2,2019-10-29,20.3,25.86666667,10.0,SG,average,13.72759292428767,25.913809523809533,49.6
Patrick McCaw,4902,tor,det,1,11.6,14.1,14.1,3.0,3,16.93333333,16.93333333,1.0,1,2.0,2,0.0,0,3.0,3,1.0,1,2.0,0.0,0,2019-10-29,14.1,16.93333333,3.0,SG,belowAvg,14.175403323049311,28.4125,48.8
Kevin Porter,5861,cle,chi,1,18.8,11.8,10.333333333333334,3.333333333333333,4,18.005555556666668,16.43333333,1.3333333333333333,1,6.333333333333332,7,0.0,0,1.6666666666666667,4,1.3333333333333333,0,0.3333333333333333,1.0,0,2019-10-29,10.333333333333334,18.005555556666668,3.333333333333333,SF,belowAvg,12.292618499449842,22.014444444444443,42.933333333333344
Damion Lee,4911,gsw,pho,1,6.1,37.2,18.5,10.666666666666666,23,16.400000002333332,27.86666667,3.0,8,6.333333333333332,14,1.3333333333333333,4,5.0,11,1.0,2,0.3333333333333333,0.6666666666666666,2,2019-10-29,18.5,16.400000002333332,10.666666666666666,SG,belowAvg,12.157617496123848,23.729259259259265,41.066666666666656
Daniel Theis,5114,bos,mil,1,25.3,15.7,11.45,2.0,1,12.424999998499999,14.98333333,0.0,0,4.0,7,0.0,0,3.5,6,0.5,1,0.0,0.0,0,2019-10-29,11.45,12.424999998499999,2.0,PF,belowAvg,11.960273807220805,26.054166666666664,46.26666666666667
Trevor Ariza,3621,sac,cha,1,13.2,21.0,11.45,4.0,9,22.220833335,22.88333333,1.25,3,4.0,5,1.0,3,3.5,5,1.0,2,0.75,0.5,0,2019-10-29,12.066666666666668,22.555555556666665,3.0,SF,belowAvg,8.910566141755071,18.7525,33.75
Matt Thomas,5903,tor,det,1,0.0,11.6,11.6,6.0,6,19.95,19.95,2.0,2,3.0,3,2.0,2,3.0,3,0.0,0,1.0,1.0,1,2019-10-29,11.6,19.95,6.0,SG,belowAvg,14.175403323049311,28.4125,48.8
Carsen Edwards,5848,bos,mil,1,1.0,21.7,12.95,6.5,10,16.86666667,22.31666667,2.0,3,8.0,11,1.0,1,1.0,1,1.5,3,1.0,0.0,0,2019-10-29,12.95,16.86666667,6.5,PG,belowAvg,11.960273807220805,26.054166666666664,46.26666666666667
Christian Wood,4834,det,tor,0,8.2,35.4,16.8,10.0,19,14.76666666766667,21.41666667,4.0,8,5.333333333333333,10,1.3333333333333333,3,5.666666666666668,12,0.0,0,0.0,1.0,1,2019-10-29,16.8,14.76666666766667,10.0,PF,belowAvg,14.640156846922553,22.869117647058815,59.7
Isaiah Thomas,4420,was,hou,1,32.4,25.1,25.1,16.0,16,19.61666667,19.61666667,6.0,6,14.0,14,4.0,4,3.0,3,5.0,5,0.0,2.0,2,2019-10-29,25.1,19.61666667,16.0,PG,average,10.553822782224103,25.67129629629629,48.13333333333333
Jimmy Butler,4363,mia,atl,0,55.3,35.0,35.0,21.0,21,30.66666667,30.66666667,5.0,5,11.0,11,1.0,1,5.0,5,2.0,2,3.0,4.0,4,2019-10-30,35.0,30.66666667,21.0,SG,advanced,14.713191724357037,24.226111111111113,46.4
Jaxson Hayes,5891,nor,den,1,6.4,30.1,30.1,19.0,19,23.61666667,23.61666667,9.0,9,11.0,11,0.0,0,3.0,3,1.0,1,1.0,0.0,0,2019-10-30,30.1,23.61666667,19.0,PF,advanced,13.371124573372905,23.0119696969697,49.275
Tyrone Wallace,5231,atl,mia,1,15.6,15.6,15.6,6.0,6,14.45,14.45,1.0,1,2.0,2,0.0,0,3.0,3,2.0,2,1.0,0.0,0,2019-10-30,15.6,14.45,6.0,SG,belowAvg,12.822972924460288,20.887500000000006,51.125
Alex Caruso,5218,lal,dal,0,8.4,19.6,12.166666666666664,2.333333333333333,0,15.488888889999998,12.75,1.0,0,3.333333333333333,4,0.3333333333333333,0,1.6666666666666667,3,1.6666666666666667,4,1.6666666666666667,1.6666666666666667,2,2019-10-31,12.166666666666664,15.488888889999998,2.333333333333333,PG,belowAvg,18.103384660726952,23.601944444444445,59.55
Alec Burks,4441,gsw,sas,1,15.2,10.2,10.2,7.0,7,17.81666667,17.81666667,3.0,3,6.0,6,1.0,1,1.0,1,2.0,2,0.0,1.0,1,2019-10-31,10.2,17.81666667,7.0,SF,belowAvg,11.372537669860279,22.809444444444452,38.95
Luke Kornet,5240,chi,det,1,6.2,19.4,10.34,4.2,9,13.409999999400005,18.73333333,1.6,4,5.0,6,0.6,1,2.2,2,0.6,2,0.2,0.4,1,2019-10-31,13.166666666666664,17.194444443333335,6.0,PF,belowAvg,11.310235759100456,22.65777777777777,44.78
Willie Cauley-Stein,4817,gsw,sas,1,15.0,22.5,22.5,12.0,12,12.31666667,12.31666667,5.0,5,5.0,5,0.0,0,5.0,5,1.0,1,0.0,0.0,0,2019-10-31,22.5,12.31666667,12.0,C,average,11.372537669860279,22.809444444444452,38.95
Grayson Allen,5677,mem,pho,1,8.7,22.5,12.825,7.5,13,18.55,21.21666667,2.25,4,8.0,14,1.0,1,2.25,5,1.75,1,0.5,1.5,4,2019-11-01,14.7,17.8,8.333333333333334,SG,belowAvg,8.977022358820411,22.72138888888889,37.1
Troy Brown Jr.,5699,was,min,1,25.0,16.6,16.6,14.0,14,16.71666667,16.71666667,5.0,5,7.0,7,2.0,2,3.0,3,0.0,0,0.0,1.0,1,2019-11-01,16.6,16.71666667,14.0,SF,belowAvg,12.710657383175453,26.572916666666664,53.40000000000001
Michael Porter,5698,den,orl,0,6.8,20.3,20.3,15.0,15,20.86666667,20.86666667,5.0,5,8.0,8,1.0,1,4.0,4,1.0,1,0.0,1.0,1,2019-11-01,20.3,20.86666667,15.0,PF,average,11.194131630968725,21.781999999999996,40.92
Donte DiVincenzo,5740,mil,tor,1,17.3,31.1,15.05,7.0,14,9.800000001499999,17.36666667,2.5,5,5.5,11,2.0,4,1.5,3,1.5,3,1.0,0.5,0,2019-11-01,15.05,9.800000001499999,7.0,SG,belowAvg,15.53021952159783,24.733777777777767,56.32000000000001
Boban Marjanovic,4893,dal,cle,0,20.6,12.9,12.9,4.0,4,10.55,10.55,2.0,2,5.0,5,0.0,0,7.0,7,1.0,1,0.0,1.0,1,2019-11-02,12.9,10.55,4.0,C,belowAvg,15.254871325045547,25.24538888888889,53.52
Wayne Ellington,4185,nyk,sac,1,7.7,21.5,11.08,6.2,9,17.906666666,24.41666667,2.2,3,6.8,10,1.8,3,2.4,5,1.2,3,0.2,1.0,1,2019-11-02,13.1,21.78888889,6.333333333333332,SG,belowAvg,13.128741746963522,24.611880952380954,46.06
Kyle Kuzma,5216,lal,sas,0,8.6,13.1,13.1,9.0,9,18.73333333,18.73333333,3.0,3,8.0,8,0.0,0,3.0,3,1.0,1,0.0,1.0,1,2019-11-02,13.1,18.73333333,9.0,PF,belowAvg,20.274837539053,24.953166666666664,65.32000000000001
Dwight Powell,4674,dal,cle,0,14.8,17.0,12.4,9.0,14,19.31666667,25.06666667,3.0,5,5.0,8,0.5,1,4.5,5,0.0,0,0.0,2.0,3,2019-11-02,12.4,19.31666667,9.0,C,belowAvg,15.254871325045547,25.24538888888889,53.52
Goga Bitadze,5809,ind,chi,1,29.3,30.8,13.233333333333334,4.0,10,12.627777778666667,24.91666667,1.3333333333333333,3,3.0,7,0.3333333333333333,1,3.6666666666666665,9,0.3333333333333333,0,0.0,0.6666666666666666,2,2019-11-02,13.233333333333334,12.627777778666667,4.0,C,belowAvg,16.012851016545607,26.445277777777783,52.1
Chris Clemons,5797,hou,mem,0,0.0,22.1,22.1,16.0,16,21.96666667,21.96666667,5.0,5,10.0,10,4.0,4,3.0,3,1.0,1,0.0,2.0,2,2019-11-03,22.1,21.96666667,16.0,PG,average,15.929081628743631,32.5484126984127,57.51666666666667
Jarrett Culver,5932,min,mil,1,15.3,24.5,10.16,6.4,20,16.843333334,26.18333333,2.6,8,7.2,17,1.0,4,1.8,5,0.8,1,0.8,2.0,6,2019-11-03,12.566666666666668,18.24444444333333,9.333333333333334,SF,belowAvg,14.674996670145154,23.14763636363636,56.36
Furkan Korkmaz,5157,phi,pho,0,27.0,23.6,11.52,6.6,11,15.9933333314,19.68333333,2.2,4,5.4,9,1.4,3,1.6,3,0.8,2,0.2,0.6,0,2019-11-03,16.266666666666666,17.722222220000006,10.0,SG,belowAvg,15.362347605469575,25.434,49.12
E'Twaun Moore,4364,nor,bkn,0,9.7,11.6,11.6,5.0,5,12.1,12.1,2.0,2,7.0,7,1.0,1,3.0,3,2.0,2,0.0,0.0,0,2019-11-03,11.6,12.1,5.0,SF,belowAvg,13.235661767484784,22.282222222222227,46.01666666666667
Ky Bowman,5817,gsw,por,1,32.8,34.4,10.966666666666667,5.5,16,14.897222222833335,38.7,1.8333333333333333,6,5.166666666666667,11,0.5,2,1.5,7,1.3333333333333333,4,0.8333333333333334,0.8333333333333334,2,2019-11-03,20.1,21.888888890000004,9.333333333333334,PG,belowAvg,12.247887330386305,20.56035353535354,39.78333333333333
Kyle O'Quinn,4529,phi,pho,0,13.0,23.9,10.62,3.6,9,9.2599999994,17.53333333,1.4,4,3.4,9,0.4,1,3.6,7,1.0,5,0.2,0.6,1,2019-11-03,11.233333333333333,9.444444443333332,3.6666666666666665,C,belowAvg,15.362347605469575,25.434,49.12
Gorgui Dieng,4632,min,mil,1,26.2,42.1,22.75,10.0,18,14.941666665,23.63333333,4.0,7,6.0,9,1.0,2,5.0,8,0.5,1,1.0,1.5,2,2019-11-03,22.75,14.941666665,10.0,C,average,14.674996670145154,23.14763636363636,56.36
James Johnson,4168,mia,den,0,10.2,25.3,25.3,17.0,17,22.08333333,22.08333333,7.0,7,12.0,12,2.0,2,4.0,4,3.0,3,0.0,1.0,1,2019-11-04,25.3,22.08333333,17.0,PF,average,14.284388202327271,25.657836257309945,49.66
Derrick Jones,4941,mia,den,0,15.2,19.4,11.8,9.0,14,15.716666665,15.53333333,3.5,5,4.5,6,0.5,1,1.5,2,0.0,0,0.5,0.5,0,2019-11-04,11.8,15.716666665,9.0,SF,belowAvg,14.284388202327271,25.657836257309945,49.66
TJ Leaf,5160,ind,cha,0,7.1,36.5,12.7,4.8,13,12.6333333334,21.76666667,2.0,6,5.6,13,0.4,1,5.0,15,0.6,1,0.4,0.8,2,2019-11-04,17.566666666666666,13.916666666666664,6.333333333333332,PF,belowAvg,15.101498111700973,25.872347689075628,48.7
Darius Bazley,5915,okc,orl,1,24.7,25.0,10.35,5.0,17,17.272222223333333,18.75,1.6666666666666667,5,3.5,10,0.8333333333333334,3,3.8333333333333335,5,0.5,0,0.16666666666666666,1.5,1,2019-11-04,11.233333333333334,14.333333333333336,6.666666666666668,SF,belowAvg,11.913397246814865,25.028571428571425,43.38333333333333
Brandon Knight,4382,cle,bos,1,9.9,21.2,10.1,5.0,10,12.958333335,19.86666667,1.5,3,5.5,8,1.5,3,0.5,1,3.0,6,0.5,1.5,2,2019-11-04,10.1,12.958333335,5.0,PG,belowAvg,12.566813282390793,24.04083333333333,45.28
Thabo Sefolosha,3931,hou,gsw,1,6.2,13.8,10.066666666666668,1.8333333333333333,3,11.699999998333332,6.85,0.6666666666666666,1,2.5,2,0.5,1,3.6666666666666665,4,1.3333333333333333,2,0.3333333333333333,0.6666666666666666,0,2019-11-05,11.266666666666666,11.827777776666665,3.6666666666666665,SF,belowAvg,17.893624779203392,26.80867346938775,59.01428571428572
JaKarr Sampson,4676,ind,was,1,31.7,16.3,11.433333333333332,5.0,7,16.655555556666666,20.4,2.333333333333333,3,5.333333333333333,5,0.3333333333333333,1,3.0,4,0.3333333333333333,1,0.0,0.6666666666666666,0,2019-11-05,11.433333333333332,16.655555556666666,5.0,SF,belowAvg,15.4973921479844,23.910877192982454,48.81999999999999
Austin Rivers,4483,hou,gsw,1,20.1,11.1,10.042857142857144,6.142857142857142,7,18.25,23.88333333,2.2857142857142856,3,5.571428571428571,9,1.1428571428571428,1,2.0,3,1.2857142857142858,1,0.0,0.42857142857142855,1,2019-11-05,10.866666666666667,21.48888889,5.666666666666668,PG,belowAvg,17.893624779203392,26.80867346938775,59.01428571428572
Frank Ntilikina,5219,nyk,det,0,28.2,11.9,10.116666666666664,3.1666666666666665,2,17.908333333333335,14.93333333,1.3333333333333333,1,4.5,3,0.5,0,1.8333333333333333,2,1.8333333333333333,3,0.8333333333333334,1.0,0,2019-11-05,19.1,27.327777776666665,6.333333333333332,PG,belowAvg,13.25861393594852,22.572208605664486,45.08333333333334
Aaron Holiday,5747,ind,was,1,21.9,18.8,11.02,3.6,6,13.906666668600002,23.26666667,1.2,2,5.8,7,1.0,2,1.6,4,2.2,4,0.8,0.8,1,2019-11-05,14.233333333333334,15.594444446666666,5.0,PG,belowAvg,15.4973921479844,23.910877192982454,48.81999999999999
C.J. Miles,3783,was,ind,0,27.9,18.9,18.9,12.0,12,19.16666667,19.16666667,3.0,3,8.0,8,1.0,1,2.0,2,1.0,1,0.0,0.0,0,2019-11-05,18.9,19.16666667,12.0,SF,belowAvg,11.484842863827295,25.232870370370367,47.48333333333334
Bruno Caboclo,4708,mem,min,1,16.6,30.5,11.625,3.25,11,10.574999999,24.18333333,1.5,5,4.25,8,0.25,1,2.5,5,0.25,1,0.75,0.25,0,2019-11-05,12.966666666666667,12.522222221,3.6666666666666665,SF,belowAvg,9.893146677801877,22.23910774410775,38.1
Jordan McRae,4832,was,ind,0,1.2,20.5,20.5,11.0,11,23.13333333,23.13333333,4.0,4,9.0,9,1.0,1,5.0,5,3.0,3,0.0,1.0,1,2019-11-05,20.5,23.13333333,11.0,SG,average,11.484842863827295,25.232870370370367,47.48333333333334
Anthony Tolliver,4049,por,lac,0,9.9,12.5,10.328571428571427,3.1428571428571432,3,18.111904762428576,17.16666667,0.8571428571428571,1,3.4285714285714284,5,0.7142857142857143,1,3.4285714285714284,5,1.0,1,0.2857142857142857,0.5714285714285714,1,2019-11-06,15.3,23.43333333333333,5.666666666666668,PF,belowAvg,14.576995212273248,23.51416666666667,52.37142857142857
Doug McDermott,4669,ind,det,1,14.5,35.4,12.9375,7.125,19,19.3958333325,30.51666667,2.5,6,6.375,10,1.5,4,2.5,7,1.625,4,0.375,1.125,1,2019-11-07,19.466666666666665,22.16111111,11.333333333333336,SF,belowAvg,14.771013298543007,23.38177248677249,48.83333333333332
Chandler Hutchison,5686,chi,hou,1,28.8,14.3,10.95,7.0,9,16.74166667,18.66666667,2.0,2,4.0,6,0.5,0,3.5,4,0.5,1,0.0,1.0,1,2019-11-08,10.95,16.74166667,7.0,SF,belowAvg,11.178494633452225,23.850308641975307,43.04444444444446
Brad Wanamaker,5659,bos,sas,0,16.2,23.1,10.05714285714286,3.571428571428572,9,10.919047618428571,16.05,1.2857142857142858,3,2.571428571428572,4,0.14285714285714285,1,1.7142857142857142,3,1.7142857142857142,3,0.7142857142857143,0.7142857142857143,0,2019-11-08,16.8,17.344444443333334,6.333333333333332,PG,belowAvg,14.402246155506866,24.108202614379085,47.95000000000001
Taj Gibson,4167,nyk,cle,1,16.0,25.1,10.05714285714286,4.0,12,14.114285714285714,27.68333333,1.7142857142857142,5,3.2857142857142856,6,0.0,0,3.1428571428571432,8,1.1428571428571428,1,0.2857142857142857,0.7142857142857143,1,2019-11-09,16.366666666666667,19.34444444433333,7.333333333333332,PF,belowAvg,13.27555610818426,23.0359477124183,44.3625
Raul Neto,4807,phi,cha,1,17.2,25.4,10.857142857142858,4.857142857142857,13,12.642857143285713,30.41666667,2.142857142857143,5,3.7142857142857135,6,0.5714285714285714,3,1.4285714285714286,2,2.2857142857142856,6,0.5714285714285714,1.2857142857142858,2,2019-11-09,18.4,24.32222222333333,8.666666666666666,PG,belowAvg,15.658028019257927,22.92215909090909,49.0375
Sterling Brown,5184,mil,okc,0,21.1,27.1,11.25,4.5,7,11.130555556000004,22.55,1.6666666666666667,3,3.333333333333333,8,0.6666666666666666,0,4.166666666666667,8,0.5,1,0.3333333333333333,0.5,0,2019-11-09,13.3,13.144444444333331,5.333333333333333,SG,belowAvg,17.986918812875725,23.320808080808078,61.76666666666666
Trey Burke,4615,phi,cha,1,29.0,13.7,13.7,5.0,5,17.56666667,17.56666667,2.0,2,7.0,7,1.0,1,1.0,1,3.0,3,0.0,0.0,0,2019-11-09,13.7,17.56666667,5.0,PG,belowAvg,15.658028019257927,22.92215909090909,49.0375
Nicolas Claxton,5813,bkn,pho,0,9.4,16.7,16.7,8.0,8,12.06666667,12.06666667,3.0,3,5.0,5,0.0,0,6.0,6,1.0,1,0.0,0.0,0,2019-11-09,16.7,12.06666667,8.0,PF,belowAvg,14.03380627464209,28.503125,54.1625
Tony Bradley,5166,uta,gsw,0,7.6,20.1,10.916666666666664,5.166666666666667,7,8.138888889,11.48333333,2.1666666666666665,3,3.1666666666666665,6,0.0,0,3.333333333333333,8,0.16666666666666666,1,0.3333333333333333,0.5,1,2019-11-10,17.900000000000006,12.433333333333332,7.666666666666668,C,belowAvg,13.042180432983994,22.820798319327732,45.82857142857142
Chris Boucher,5117,tor,lac,0,28.2,33.9,11.642857142857142,3.4285714285714284,15,8.657142857714286,24.36666667,1.1428571428571428,7,2.8571428571428568,11,0.14285714285714285,1,2.142857142857143,2,0.42857142857142855,1,0.42857142857142855,0.14285714285714285,0,2019-11-10,20.166666666666668,14.472222223333333,6.666666666666668,C,belowAvg,14.402992793227634,27.45231150793651,48.85000000000001
Enes Kanter,4442,bos,dal,1,5.6,22.2,22.2,12.0,12,24.96666667,24.96666667,5.0,5,8.0,8,0.0,0,6.0,6,2.0,2,0.0,0.0,0,2019-11-10,22.2,24.96666667,12.0,C,average,14.18610134800188,26.239365079365076,48.242857142857154
Cameron Johnson,5925,pho,lal,1,16.3,33.2,12.114285714285714,6.857142857142858,15,14.492857141428573,19.6,2.571428571428572,6,5.285714285714286,10,1.2857142857142858,3,2.7142857142857144,6,0.5714285714285714,2,0.2857142857142857,0.5714285714285714,1,2019-11-11,15.766666666666667,16.11111111,8.0,SF,belowAvg,13.286275589237105,23.36814814814815,43.38888888888889
Damian Jones,4933,atl,den,0,17.6,23.9,10.8375,4.5,8,14.01666666625,24.08333333,2.0,4,3.0,7,0.125,0,2.625,7,0.375,1,0.5,0.375,0,2019-11-11,12.233333333333334,17.677777776666666,6.0,C,belowAvg,14.330954518957455,20.97963450292398,51.3625
Rondae Hollis-Jefferson,4810,tor,por,0,34.7,30.3,15.633333333333335,6.666666666666668,9,16.016666667666666,28.8,2.6666666666666665,4,5.666666666666668,11,0.0,0,4.0,9,1.0,1,1.0,1.3333333333333333,3,2019-11-12,15.633333333333335,16.016666667666666,6.666666666666668,PF,belowAvg,14.473014194280346,26.734043209876546,47.75555555555556
Rajon Rondo,3872,lal,sac,1,10.6,22.7,22.7,5.0,5,14.33333333,14.33333333,2.0,2,6.0,6,1.0,1,6.0,6,7.0,7,0.0,0.0,0,2019-11-14,22.7,14.33333333,5.0,PG,average,18.45324496805449,24.18974977043159,61.16363636363637
Blake Griffin,4172,det,cha,0,33.6,32.4,32.4,19.0,19,23.96666667,23.96666667,6.0,6,12.0,12,1.0,1,7.0,7,6.0,6,0.0,4.0,4,2019-11-14,32.4,23.96666667,19.0,PF,advanced,15.174926384461966,23.28597988505747,56.31
Jordan Bell,5125,min,was,1,3.4,21.7,11.825,5.75,12,10.7166666675,14.51666667,2.25,4,3.25,6,0.0,0,4.75,6,1.25,3,0.0,2.25,2,2019-11-14,12.433333333333332,12.672222223333335,6.333333333333332,PF,belowAvg,15.162455706377786,24.091221303948576,53.93636363636365
Ben McLemore,4589,hou,min,0,29.3,23.6,10.425000000000002,6.666666666666668,21,17.499999998583334,32.58333333,2.0,6,5.583333333333332,13,1.5833333333333333,4,1.0833333333333333,3,0.75,0,0.5,0.4166666666666667,1,2019-11-15,17.933333333333334,24.56111111,11.0,SG,belowAvg,19.475140468120863,29.241623376623373,63.04545454545456
Paul George,4283,lac,atl,1,52.3,44.8,44.8,33.0,33,24.21666667,24.21666667,0.0,0,0.0,0,3.0,3,9.0,9,4.0,4,0.0,5.0,5,2019-11-15,44.8,24.21666667,33.0,SF,top,15.726628501879759,24.971375519904928,53.05454545454546
Allen Crabbe,4561,atl,lal,0,12.2,16.4,13.1,3.5,5,14.99166667,15.21666667,1.5,2,3.5,4,0.5,1,3.0,2,0.0,0,1.0,0.0,0,2019-11-16,13.1,14.99166667,3.5,SG,belowAvg,13.867267111161953,21.766097820308353,49.9
Nicolas Batum,4086,cha,tor,0,17.2,26.8,16.3,1.5,3,20.166666665,29.13333333,0.5,1,2.0,4,0.5,1,6.5,9,4.0,6,0.5,2.0,2,2019-11-17,16.3,20.166666665,1.5,SF,belowAvg,12.589022552602467,21.23931623931624,41.807692307692314
Ante Zizic,5119,cle,nyk,0,12.2,11.4,11.4,6.0,6,16.63333333,16.63333333,3.0,3,6.0,6,0.0,0,2.0,2,0.0,0,0.0,0.0,0,2019-11-17,11.4,16.63333333,6.0,C,belowAvg,11.473953937225389,24.785651260504203,44.46
Isaiah Hartenstein,5746,hou,por,1,14.2,23.2,15.1,5.0,6,21.925,30.61666667,1.5,1,2.0,2,0.0,0,8.0,16,0.0,0,0.0,1.0,2,2019-11-17,15.1,21.925,5.0,PF,belowAvg,19.32691910066905,29.10926587301587,62.79166666666668
Nassir Little,5937,por,nor,0,34.7,23.4,10.928571428571427,4.428571428571429,11,16.71190476042857,29.2,1.7142857142857142,4,5.285714285714286,10,0.2857142857142857,0,3.571428571428572,7,0.42857142857142855,2,0.42857142857142855,0.5714285714285714,2,2019-11-18,18.83333333333333,27.92222222,7.666666666666668,SF,belowAvg,14.469844965437353,24.69788457049486,50.85833333333334
De'Anthony Melton,5742,mem,gsw,1,2.0,23.8,11.02,4.2,10,9.0833333334,10.83333333,1.6,3,4.0,5,0.6,2,1.6,4,1.4,2,1.0,0.8,0,2019-11-18,15.133333333333335,12.088888889000001,7.0,PG,belowAvg,10.088234487186083,21.053844360767435,37.08461538461539
Carmelo Anthony,3510,por,mil,0,29.4,12.8,12.8,10.0,10,23.61666667,23.61666667,4.0,4,14.0,14,2.0,2,4.0,4,0.0,0,0.0,5.0,5,2019-11-20,12.8,23.61666667,10.0,SF,belowAvg,14.219960446975724,24.529671227465354,50.2
Vince Carter,2448,atl,det,0,0.2,16.2,10.622222222222225,6.0,13,15.568518519999998,23.76666667,2.333333333333333,5,5.888888888888888,13,0.7777777777777778,3,2.0,1,0.6666666666666666,2,0.4444444444444444,0.4444444444444444,1,2019-11-21,17.099999999999998,18.816666666666666,10.666666666666666,SF,belowAvg,13.610469705896067,21.039608724608726,49.184615384615384
Theo Pinson,5732,bkn,sac,1,17.1,11.5,10.2,5.4,5,11.9733333312,15.63333333,1.8,1,5.6,4,1.0,1,1.0,0,1.6,1,0.8,1.2,1,2019-11-21,12.7,16.566666663333333,7.666666666666668,SG,belowAvg,13.289821095445554,27.096283577533573,50.115384615384606
Jose Barea,3882,dal,cle,1,20.2,14.7,14.7,11.0,11,15.75,15.75,3.0,3,6.0,6,3.0,3,1.0,1,3.0,3,0.0,2.0,2,2019-11-21,14.7,15.75,11.0,PG,belowAvg,15.70263665960417,24.246627509916987,57.0
Kelan Martin,5934,min,pho,1,8.3,21.4,10.44,6.4,10,16.703333332,24.7,2.8,4,6.6,8,0.8,2,3.2,7,0.0,0,0.0,0.4,0,2019-11-22,14.933333333333332,21.89444444333333,8.666666666666666,SF,belowAvg,15.062174243760555,24.108568376068373,54.815384615384616
Shaquille Harrison,5249,chi,cha,0,5.7,27.4,10.966666666666667,3.888888888888889,10,8.107407406777778,23.15,1.4444444444444444,3,3.4444444444444446,8,0.1111111111111111,0,2.333333333333333,2,1.2222222222222223,4,0.5555555555555556,0.2222222222222222,0,2019-11-22,24.76666666666667,16.716666665666665,8.333333333333334,PG,belowAvg,11.120314994963836,21.985224716803664,42.41538461538461
Iman Shumpert,4397,bkn,nyk,0,7.5,19.9,10.275,5.0,8,18.591666665,24.73333333,2.0,3,5.75,6,0.75,1,3.25,7,0.25,1,0.75,1.25,1,2019-11-23,11.833333333333336,20.949999996666666,5.0,SG,belowAvg,13.509273973258571,25.49396720969089,49.15714285714286
Dzanan Musa,5767,bkn,nyk,0,14.1,21.7,11.02,5.5,10,15.093333334,20.11666667,1.7,2,5.0,5,0.4,0,3.1,6,1.0,1,0.5,1.2,0,2019-11-23,15.166666666666664,18.45,5.666666666666668,SF,belowAvg,13.509273973258571,25.49396720969089,49.15714285714286
Keita Bates-Diop,5675,min,atl,0,28.0,28.8,10.8,6.6,22,15.0300000006,37.1,2.4,9,4.8,18,1.0,3,2.0,4,0.4,2,0.2,0.6,1,2019-11-24,12.466666666666667,18.03888889,9.333333333333334,SF,belowAvg,15.269695151220331,23.407759016345967,54.85714285714285
Dennis Smith Jr.,5212,nyk,tor,0,18.2,21.9,10.99,5.6,10,15.0366666667,20.36666667,2.2,4,6.2,11,0.7,2,1.2,2,2.5,5,0.4,1.3,1,2019-11-26,16.366666666666664,16.844444446666667,10.0,PG,belowAvg,12.167363722891984,22.14149114988898,45.07272727272727
Elie Okobo,5711,pho,dal,1,5.4,28.2,11.133333333333333,4.916666666666667,13,11.438888888583335,20.78333333,1.6666666666666667,5,4.0,9,0.8333333333333334,3,1.0833333333333333,1,2.833333333333333,8,0.3333333333333333,0.3333333333333333,1,2019-11-28,22.266666666666666,23.644444443333335,11.0,SG,belowAvg,13.371531998953511,21.680956228956234,43.92
Cheick Diallo,4957,pho,dal,1,3.9,29.5,10.483333333333333,5.833333333333332,17,10.066666667166666,23.31666667,1.75,7,2.1666666666666665,8,0.0,0,2.833333333333333,10,0.5,1,0.0,0.5,1,2019-11-28,25.4,23.994444446666666,15.0,PF,belowAvg,13.371531998953511,21.680956228956234,43.92
Abdel Nader,5127,okc,nor,0,4.5,25.6,10.881818181818181,7.090909090909091,19,13.922727273636365,22.41666667,2.363636363636364,7,4.818181818181818,11,1.0909090909090908,4,1.9090909090909087,3,0.6363636363636364,2,0.2727272727272727,1.0909090909090908,0,2019-11-30,19.733333333333334,16.733333336666664,14.666666666666664,SF,belowAvg,11.826093329158445,22.39259247288659,42.01538461538462
Damyean Dotson,5222,nyk,bos,1,24.3,14.5,10.04,5.266666666666667,10,14.50888889,19.53333333,2.0,3,5.266666666666667,8,0.8,2,1.5333333333333334,0,0.9333333333333332,1,0.4666666666666667,0.4666666666666667,0,2019-11-30,14.733333333333334,17.46111111,8.666666666666666,SG,belowAvg,12.015343963178436,20.47254120148857,44.06666666666666
Khem Birch,4696,orl,gsw,1,31.5,28.4,11.8,4.222222222222221,4,19.151851853,27.4,1.6666666666666667,2,3.2222222222222223,4,0.0,0,4.5555555555555545,12,0.2222222222222222,0,0.3333333333333333,0.5555555555555556,2,2019-11-30,20.7,26.63888889,6.0,PF,belowAvg,12.306978978385649,23.13913382594417,44.521428571428565
Robin Lopez,4112,mil,nyk,1,13.6,33.2,10.26,4.95,13,13.942499999849998,23.53333333,2.0,5,3.9,9,0.55,3,2.8,6,0.7,4,0.15,1.35,2,2019-12-01,18.266666666666673,16.7,7.666666666666668,C,belowAvg,16.801279141555742,23.57443730063796,62.88125
Justin James,5808,sac,chi,1,-1.8,26.4,10.822222222222226,4.4444444444444455,6,13.624074073333334,25.53333333,2.0,3,4.5555555555555545,9,0.3333333333333333,0,1.8888888888888888,7,0.8888888888888888,2,0.4444444444444444,0.2222222222222222,0,2019-12-01,14.9,19.494444443333336,4.0,SG,belowAvg,11.485398097780251,23.450110603620658,41.96923076923077
Kevon Looney,4820,gsw,atl,0,9.4,14.3,14.3,3.0,3,10.45,10.45,1.0,1,4.0,4,1.0,1,9.0,9,1.0,1,0.0,1.0,1,2019-12-01,14.3,10.45,3.0,C,belowAvg,10.989385022367307,22.980270402685264,42.6764705882353
John Henson,4525,cle,det,1,12.4,17.6,17.6,3.0,3,8.283333333,8.283333333,1.0,1,2.0,2,0.0,0,3.0,3,0.0,0,2.0,1.0,1,2019-12-02,17.6,8.283333333,3.0,PF,belowAvg,11.269259265912375,24.835002042483648,44.25
Ty Jerome,5928,pho,orl,0,17.7,22.6,22.6,4.0,4,12.38333333,12.38333333,2.0,2,4.0,4,0.0,0,3.0,3,4.0,4,3.0,0.0,0,2019-12-03,22.6,12.38333333,4.0,SG,average,13.37616922543578,22.666838978015452,44.11764705882353
Yogi Ferrell,4970,sac,sas,0,23.5,20.7,10.39375,5.3125,13,13.128125,15.38333333,1.875,5,4.1875,7,0.5,1,1.5,1,1.6875,3,0.4375,0.75,1,2019-12-05,17.53333333333333,15.333333333333336,8.0,PG,belowAvg,11.818004558400554,22.994047063269754,41.82857142857143
Norvel Pelle,5904,phi,cle,1,16.1,16.9,16.9,3.0,3,12.55,12.55,0.0,0,0.0,0,0.0,0,2.0,2,1.0,1,0.0,2.0,2,2019-12-06,16.9,12.55,3.0,PF,belowAvg,15.761365664398973,24.00155400756794,49.2421052631579
Denzel Valentine,4901,chi,mia,0,15.5,19.4,10.644444444444446,5.333333333333333,11,9.307407408333333,13.81666667,2.0,4,4.666666666666667,8,1.3333333333333333,3,2.1111111111111107,2,0.8888888888888888,2,0.4444444444444444,0.2222222222222222,0,2019-12-07,17.099999999999998,13.77777778,8.333333333333334,SF,belowAvg,10.88976253100344,21.913125,42.8
Ian Mahinmi,3777,was,lac,1,26.2,12.0,12.0,7.0,7,13.13333333,13.13333333,2.0,2,5.0,5,0.0,0,5.0,5,0.0,0,0.0,1.0,1,2019-12-07,12.0,13.13333333,7.0,C,belowAvg,12.569612847439013,24.20819372530157,47.594444444444434
Michael Kidd-Gilchrist,4532,cha,was,1,6.6,15.6,10.1,4.666666666666667,7,13.744444443333334,22.8,1.6666666666666667,3,6.0,8,0.6666666666666666,1,3.0,3,1.0,2,0.0,0.6666666666666666,1,2019-12-09,10.1,13.744444443333334,4.666666666666667,SF,belowAvg,11.841748360401613,21.693588981924506,41.955
Marvin Bagley,5714,sac,okc,1,20.2,31.0,31.0,14.0,14,27.7,27.7,6.0,6,16.0,16,0.0,0,10.0,10,0.0,0,1.0,1.0,1,2019-12-10,31.0,27.7,14.0,PF,advanced,12.113558430861678,23.69264660112411,43.0529411764706
Marco Belinelli,3974,sas,pho,0,6.4,10.2,10.009090909090908,5.590909090909091,9,16.371212120454548,20.31666667,1.9545454545454544,4,5.863636363636362,5,1.0,1,1.6363636363636365,1,1.4545454545454546,0,0.2272727272727273,0.4090909090909091,0,2019-12-13,11.266666666666666,18.055555556666665,8.666666666666666,SG,belowAvg,11.216372480279649,22.233198505523067,42.88333333333333
David Nwaba,5109,bkn,phi,1,9.4,25.3,10.858823529411763,4.823529411764706,10,12.921568627823527,17.35,1.7647058823529411,4,3.3529411764705883,8,0.5882352941176471,2,2.235294117647059,4,0.35294117647058826,1,0.4705882352941176,0.35294117647058826,0,2019-12-14,16.03333333333333,16.69444444666667,8.333333333333334,SG,belowAvg,13.673660112195508,25.651568615264846,50.084210526315786
Daniel Gafford,5894,chi,okc,0,0.0,24.4,10.455555555555557,4.5555555555555545,4,11.075925925722224,20.3,1.4444444444444444,2,2.055555555555556,3,0.0,0,1.7222222222222223,2,0.2222222222222222,0,0.05555555555555555,0.16666666666666666,0,2019-12-15,21.5,16.827777776666668,7.333333333333332,PF,belowAvg,11.069920324031159,23.21302110524292,44.441176470588225
Deandre Ayton,5713,pho,lac,0,37.9,46.2,46.2,18.0,18,33.4,33.4,9.0,9,14.0,14,0.0,0,11.0,11,0.0,0,1.0,0.0,0,2019-12-16,46.2,33.4,18.0,C,top,13.375399999847705,23.402441014151535,46.171428571428564
Wilson Chandler,3978,bkn,nor,0,15.2,19.4,19.4,2.0,2,18.68333333,18.68333333,1.0,1,1.0,1,0.0,0,7.0,7,2.0,2,1.0,0.0,0,2019-12-16,19.4,18.68333333,2.0,SF,belowAvg,13.364818739812353,25.403990184501602,49.23
Rodney McGruder,4650,lac,hou,1,7.0,28.2,10.433333333333334,3.9444444444444446,7,17.822222222611106,21.3,1.5,3,4.0,5,0.6666666666666666,1,3.0,11,0.7777777777777778,0,0.5,0.4444444444444444,1,2019-12-18,17.533333333333335,20.144444443333327,3.6666666666666665,SG,belowAvg,14.977589784027689,24.95705137844612,54.045
Anzejs Pasecniks,5957,was,tor,0,5.3,18.1,18.1,9.0,9,27.55,27.55,3.0,3,7.0,7,0.0,0,8.0,8,1.0,1,0.0,2.0,2,2019-12-19,18.1,27.55,9.0,C,belowAvg,12.817972955364635,23.700596366138157,48.41
Tremont Waters,5849,bos,tor,0,1.0,20.9,20.9,7.0,7,19.71666667,19.71666667,2.0,2,7.0,7,1.0,1,2.0,2,3.0,3,1.0,2.0,2,2019-12-24,20.9,19.71666667,7.0,PG,average,13.420982121450644,27.934910714285714,50.36666666666667
Kadeem Allen,5113,nyk,bkn,0,-1.0,14.0,14.0,9.0,9,15.53333333,15.53333333,3.0,3,6.0,6,3.0,3,0.0,0,2.0,2,1.0,1.0,1,2019-12-25,14.0,15.53333333,9.0,SG,belowAvg,12.078970325144686,20.701302422723483,43.94000000000001
Sviatoslav Mykhailiuk,5692,det,was,1,24.8,21.4,10.15,5.846153846153847,13,17.083974358769233,32.18333333,1.9615384615384612,4,4.846153846153847,7,1.5,4,1.2307692307692308,2,1.3461538461538465,4,0.4615384615384616,0.8076923076923077,0,2019-12-25,18.166666666666664,24.66111111,9.666666666666666,SG,belowAvg,13.749628184662427,22.641425495095852,52.93157894736842
Gary Payton,4976,was,det,0,31.5,46.7,46.7,10.0,10,34.01666667,34.01666667,4.0,4,8.0,8,1.0,1,11.0,11,5.0,5,6.0,2.0,2,2019-12-25,46.7,34.01666667,10.0,SG,top,13.310857186338911,24.07776394884473,49.86818181818182
Johnathan Williams,5695,was,nyk,1,8.6,24.6,24.6,9.0,9,32.61666667,32.61666667,4.0,4,6.0,6,0.0,0,8.0,8,2.0,2,0.0,0.0,0,2019-12-27,24.6,32.61666667,9.0,PF,average,13.282321243952383,23.999901995982782,49.86818181818182
Alen Smailagic,5814,gsw,sas,0,15.1,12.5,10.35,4.5,5,12.174999998499999,19.58333333,2.0,2,3.0,3,0.0,0,3.0,5,0.5,1,0.0,0.0,0,2019-12-30,10.35,12.174999998499999,4.5,PF,belowAvg,11.419185849315452,22.3193085564449,44.77
Naz Reid,5931,min,gsw,1,23.7,16.9,11.1,6.75,11,10.558333332499998,18.33333333,2.5,4,7.0,10,1.5,2,1.75,2,0.5,1,0.25,0.75,1,2020-01-01,13.8,13.127777776666667,8.0,PF,belowAvg,14.64369576086168,22.172362802421986,52.4913043478261
Jordan McLaughlin,5733,min,gsw,1,9.2,36.4,13.36,6.0,19,15.913333332000002,22.33333333,2.2,7,5.6,13,0.8,3,1.8,2,2.4,4,0.8,0.8,0,2020-01-01,17.066666666666666,14.26111111,7.333333333333332,PG,belowAvg,14.64369576086168,22.172362802421986,52.4913043478261
Brandon Goodwin,5727,atl,bos,0,22.3,40.6,11.78,5.2,21,10.7900000006,21.9,1.8,7,4.6,11,0.8,3,1.4,3,1.8,6,0.6,0.8,2,2020-01-02,20.3,16.172222223333332,8.666666666666666,PG,belowAvg,14.2711733886091,21.91817496806356,52.32173913043478
Reggie Bullock,4654,nyk,pho,0,18.9,13.4,13.4,11.0,11,15.43333333,15.43333333,4.0,4,9.0,9,3.0,3,2.0,2,0.0,0,0.0,0.0,0,2020-01-02,13.4,15.43333333,11.0,SG,belowAvg,12.342072595707355,20.79416960302601,45.38500000000001
Harry Giles,5167,sac,nor,1,10.0,13.8,10.17,4.5,4,9.7533333334,12.11666667,1.9,1,4.4,4,0.0,0,1.6,4,1.1,2,0.6,0.9,1,2020-01-03,17.266666666666666,15.28888889,7.0,PF,belowAvg,12.125075998921425,22.73426377988533,44.76086956521739
Wes Iwundu,5152,orl,was,1,20.4,23.1,10.45217391304348,4.086956521739131,12,16.496376811347822,28.38333333,1.3043478260869563,4,3.782608695652174,7,0.17391304347826084,1,2.4782608695652173,3,0.8695652173913043,1,0.5652173913043478,0.5217391304347826,0,2020-01-07,18.366666666666667,27.24444444333333,9.333333333333334,SF,belowAvg,12.137065609653213,23.574018600794915,46.55833333333334
Sekou Doumbouya,5866,det,cle,1,12.7,25.4,11.30909090909091,5.545454545454546,15,14.256060606272726,33.36666667,2.1818181818181817,6,4.818181818181818,9,0.4545454545454545,0,2.9090909090909087,2,0.18181818181818185,0,0.6363636363636364,0.4545454545454545,1,2020-01-08,27.46666666666667,35.20555555666667,14.0,PF,belowAvg,13.700943627581402,22.388779070535367,52.30434782608695
Lonnie Walker,5756,sas,mem,0,7.4,26.1,10.117857142857146,5.9642857142857135,19,11.81488095235714,19.21666667,2.0,7,4.464285714285714,11,0.5,2,2.107142857142857,3,0.6071428571428571,1,0.32142857142857145,0.6785714285714286,1,2020-01-09,20.133333333333333,21.444444446666665,11.666666666666664,SG,belowAvg,12.258862275323072,22.77494569757728,46.51904761904761
PJ Dozier,5177,den,gsw,0,0.0,19.8,19.8,12.0,12,13.03333333,13.03333333,5.0,5,7.0,7,2.0,2,4.0,4,2.0,2,0.0,0.0,0,2020-01-15,19.8,13.03333333,12.0,SG,belowAvg,13.264329180713814,23.519867082847764,50.2
Dragan Bender,4913,mil,bkn,0,13.7,14.4,10.325,3.75,0,12.60000000075,21.23333333,1.5,0,2.75,3,0.5,0,2.25,7,1.25,2,0.0,0.25,0,2020-01-17,12.6,16.055555556666665,5.0,PF,belowAvg,15.852732224627134,22.483918692737838,61.636
