FDP_pd,Player_name,ID,Date,Team,Opp,H/A,GTime(ET),Team pts,Opp pts,Win-Lose,Start,Mins_played,GP,active,FDP,DoubleD,TripleD,FD Sal,FD pos,ADI,VMI,pt,rb,as,st,bl,to,trey,FGM,FGA,FTM,FTA,Difference,ranking
1.19,Drew_Eubanks,5679,20200110,sas,mem,0,20.0,121.0,134.0,0,0.0,1.766666667,1.0,1.0,2.0,0.0,0.0,3500.0,5.0,65.06,0.25,2,0,0,0,0,0,0,0,0,2,2,-0.81,benchPlayer
0.26,Kostas_Antetokounmpo,5669,20200110,lal,dal,0,21.75,129.0,114.0,1,0.0,2.3,1.0,1.0,1.5,0.0,0.0,3500.0,4.0,62.64,3.84,0,0,1,0,0,0,0,0,0,0,0,-1.24,benchPlayer
1.15,Frank_Mason_III,5153,20191222,mil,ind,1,19.0,117.0,89.0,1,0.0,4.766666667,1.0,1.0,3.7,0.0,0.0,3500.0,1.0,64.74,1.17,1,1,1,0,0,0,0,0,3,1,2,-2.5500000000000003,benchPlayer
12.88,Louis_Williams,3816,20200201,lac,min,1,15.5,118.0,106.0,1,0.0,29.2,1.0,1.0,31.8,0.0,0.0,5600.0,2.0,66.94,-0.42,17,4,6,1,0,2,0,7,19,3,3,-18.92,advanced
12.44,Brandon_Clarke,5837,20200129,mem,nyk,0,19.5,127.0,106.0,1,0.0,26.85,1.0,1.0,34.5,0.0,0.0,5200.0,4.0,66.98,-2.05,17,5,1,3,1,2,0,7,10,3,3,-22.060000000000002,advanced
8.56,Kyrie_Irving,4379,20200201,bkn,was,0,20.0,107.0,113.0,0,1.0,28.63333333,1.0,1.0,21.8,0.0,0.0,8900.0,1.0,65.7,1.46,11,4,4,1,1,6,1,5,12,0,0,-13.24,average
2.59,Thanasis_Antetokounmpo,4869,20200131,mil,den,1,21.0,115.0,127.0,0,1.0,5.233333333,1.0,1.0,7.0,0.0,0.0,3500.0,3.0,64.88,-0.25,4,0,0,1,0,0,0,2,3,0,1,-4.41,benchPlayer
2.24,Louis_King,5862,20200127,det,cle,1,19.0,100.0,115.0,0,0.0,11.13333333,1.0,1.0,4.7,0.0,0.0,3500.0,3.0,63.83,-0.18,3,1,1,0,0,1,1,1,3,0,0,-2.46,benchPlayer
2.98,Quinn_Cook,4863,20200201,lal,sac,0,22.0,129.0,113.0,1,0.0,3.333333333,1.0,1.0,5.0,0.0,0.0,3700.0,1.0,67.12,-0.68,5,0,0,0,0,0,1,2,2,0,0,-2.02,benchPlayer
4.63,Tim_Hardaway_Jr.,4628,20200201,dal,atl,1,20.5,123.0,100.0,1,1.0,26.91666667,1.0,1.0,9.7,0.0,0.0,4900.0,3.0,65.02,0.14,7,1,1,1,0,3,1,3,12,0,0,-5.069999999999999,benchPlayer
0.19,Moses_Brown,5936,20200120,por,gsw,1,22.0,129.0,124.0,1,0.0,2.25,1.0,1.0,0.2,0.0,0.0,3500.0,5.0,65.89,-0.11,0,1,0,0,0,1,0,0,0,0,0,-0.010000000000000009,benchPlayer
11.21,Seth_Curry,4564,20200201,dal,atl,1,20.5,123.0,100.0,1,0.0,20.75,1.0,1.0,25.2,0.0,0.0,4800.0,1.0,65.02,0.14,15,6,2,0,0,0,5,5,10,0,0,-13.989999999999998,average
16.79,Dorian_Finney-Smith,4932,20200201,dal,atl,1,20.5,123.0,100.0,1,1.0,28.53333333,1.0,1.0,45.4,0.0,0.0,4500.0,3.0,65.02,0.14,22,7,4,2,1,0,4,7,13,4,4,-28.61,top
0.0,Melvin_Frazier,5707,20200127,orl,mia,0,19.5,92.0,113.0,0,0.0,2.516666667,1.0,1.0,0.0,0.0,0.0,3500.0,3.0,66.34,0.03,0,0,0,0,0,0,0,0,0,0,0,0.0,benchPlayer
2.45,Robin_Lopez,4112,20200202,mil,pho,1,14.0,129.0,108.0,1,0.0,12.56666667,1.0,1.0,13.5,0.0,0.0,3500.0,5.0,62.28,1.4,0,5,3,1,0,0,0,0,1,0,0,-11.05,belowAvg
0.46,Nickeil_Alexander-Walker,5887,20200131,nor,mem,1,20.0,139.0,111.0,1,0.0,5.85,1.0,1.0,2.7,0.0,0.0,3500.0,2.0,67.16,-0.91,0,1,1,1,0,3,0,0,3,0,0,-2.24,benchPlayer
9.41,Dejounte_Murray,4963,20200201,sas,cha,1,21.0,114.0,90.0,1,1.0,27.43333333,1.0,1.0,34.0,0.0,0.0,4900.0,1.0,64.93,-0.36,9,10,2,4,0,2,1,4,8,0,0,-24.59,advanced
1.37,Cristiano_Felicio,4845,20200202,chi,tor,0,15.0,102.0,129.0,0,0.0,15.91666667,1.0,1.0,7.8,0.0,0.0,3600.0,5.0,63.1,2.65,0,4,0,1,0,0,0,0,0,0,0,-6.43,benchPlayer
6.32,Anfernee_Simons,5662,20200201,por,uta,1,22.5,124.0,107.0,1,0.0,23.66666667,1.0,1.0,16.5,0.0,0.0,3500.0,1.0,67.71,-0.36,7,5,3,0,0,1,1,3,6,0,0,-10.18,belowAvg
7.6,Vince_Carter,2448,20200201,atl,dal,0,20.5,100.0,123.0,0,0.0,24.35,1.0,1.0,19.0,0.0,0.0,3900.0,3.0,65.02,-1.05,10,5,0,0,1,0,0,4,12,2,2,-11.4,belowAvg
29.08,James_Harden,4224,20200202,hou,nor,1,14.0,117.0,109.0,1,1.0,38.78333333,1.0,1.0,67.5,1.0,0.0,11000.0,2.0,66.62,0.19,40,10,9,0,2,4,7,0,0,9,9,-38.42,top
8.79,Jrue_Holiday,4212,20200202,nor,hou,0,14.0,109.0,117.0,0,1.0,33.58333333,1.0,1.0,22.6,0.0,0.0,7800.0,2.0,66.62,-0.37,11,3,6,0,1,4,0,5,14,1,3,-13.810000000000002,average
0.18,Brian_Bowen_II,5810,20191118,ind,bkn,0,19.5,115.0,86.0,1,0.0,2.333333333,1.0,1.0,3.0,0.0,0.0,3500.0,2.0,64.83,0.99,0,0,0,0,1,0,0,0,1,0,0,-2.82,benchPlayer
3.27,Boban_Marjanovic,4893,20200128,dal,pho,1,20.5,104.0,133.0,0,0.0,4.733333333,1.0,1.0,6.2,0.0,0.0,3900.0,5.0,63.51,-1.67,5,1,0,0,0,0,0,1,2,3,4,-2.93,benchPlayer
-0.1,Tim_Frazier,4717,20200124,det,mem,1,19.0,112.0,125.0,0,0.0,3.8,1.0,1.0,-1.0,0.0,0.0,3600.0,1.0,63.42,1.23,0,0,0,0,0,1,0,0,1,0,0,0.9,benchPlayer
0.0,Josh_Richardson,4788,20200122,phi,tor,0,19.0,95.0,107.0,0,1.0,3.866666667,1.0,1.0,0.0,0.0,0.0,5600.0,2.0,67.3,0.0,0,0,0,0,0,0,0,0,0,0,0,0.0,benchPlayer
1.48,Chris_Clemons,5797,20200127,hou,uta,0,21.0,126.0,117.0,1,0.0,7.3,1.0,1.0,3.2,0.0,0.0,3500.0,1.0,48.72,8.12,2,1,0,0,0,0,0,1,6,0,0,-1.7200000000000002,benchPlayer
8.77,Derrick_White,5148,20200201,sas,cha,1,21.0,114.0,90.0,1,0.0,26.6,1.0,1.0,18.5,0.0,0.0,4100.0,1.0,64.93,-0.36,12,5,1,0,0,1,1,4,8,3,4,-9.73,belowAvg
12.03,Harry_Giles,5167,20200201,sac,lal,1,22.0,113.0,129.0,0,1.0,16.68333333,1.0,1.0,26.1,0.0,0.0,3800.0,4.0,67.12,-0.28,16,8,1,0,0,1,0,7,8,2,2,-14.070000000000002,average
0.86,Derrick_Walton_Jr.,5198,20200122,lac,atl,0,19.5,95.0,102.0,0,0.0,6.883333333,1.0,1.0,2.5,0.0,0.0,3500.0,1.0,64.01,2.29,1,0,1,0,0,0,0,0,0,1,2,-1.6400000000000001,benchPlayer
8.46,Justin_Jackson,5135,20200201,dal,atl,1,20.5,123.0,100.0,1,0.0,26.43333333,1.0,1.0,20.1,0.0,0.0,3500.0,3.0,65.02,0.14,10,8,1,0,0,1,1,4,8,1,1,-11.64,average
10.66,Carmelo_Anthony,3510,20200201,por,uta,1,22.5,124.0,107.0,1,1.0,32.01666667,1.0,1.0,22.5,0.0,0.0,5600.0,3.0,67.71,-0.36,15,5,1,0,0,0,1,5,15,4,4,-11.84,average
0.19,Grayson_Allen,5677,20200124,mem,det,0,19.0,125.0,112.0,1,0.0,6.25,1.0,1.0,0.2,0.0,0.0,3700.0,2.0,63.42,3.9,0,1,0,0,0,1,0,0,1,0,0,-0.010000000000000009,benchPlayer
7.44,Tomas_Satoransky,4980,20200202,chi,tor,0,15.0,102.0,129.0,0,1.0,29.86666667,1.0,1.0,20.5,0.0,0.0,5400.0,1.0,63.1,2.65,8,5,5,0,0,1,2,3,11,0,0,-13.059999999999999,average
14.94,LeBron_James,3541,20200201,lal,sac,0,22.0,129.0,113.0,1,1.0,33.56666667,1.0,1.0,47.5,1.0,1.0,11000.0,3.0,67.12,-0.68,15,10,11,2,0,2,1,6,15,2,3,-32.56,top
6.04,Nicolas_Batum,4086,20200124,cha,mil,1,15.0,103.0,116.0,0,1.0,33.53333333,1.0,1.0,19.7,0.0,0.0,3800.0,3.0,63.69,-1.12,5,6,5,0,0,0,0,1,8,3,4,-13.66,belowAvg
2.97,Jahlil_Okafor,4836,20200124,nor,den,1,20.0,106.0,113.0,0,0.0,3.483333333,1.0,1.0,6.4,0.0,0.0,3500.0,5.0,67.3,0.11,4,2,0,0,0,0,0,2,2,0,0,-3.43,benchPlayer
0.0,Antonius_Cleveland,5112,20200201,dal,atl,1,20.5,123.0,100.0,1,0.0,2.016666667,1.0,1.0,0.0,0.0,0.0,3500.0,2.0,65.02,0.14,0,0,0,0,0,0,0,0,1,0,0,0.0,benchPlayer
1.02,Dragan_Bender,4913,20200124,mil,cha,0,15.0,116.0,103.0,1,0.0,5.65,1.0,1.0,6.9,0.0,0.0,3500.0,4.0,63.69,2.68,0,2,1,0,1,0,0,0,1,0,0,-5.880000000000001,benchPlayer
0.0,Deonte_Burton,5752,20200129,okc,sac,0,22.0,120.0,100.0,1,0.0,1.516666667,1.0,1.0,0.0,0.0,0.0,3500.0,2.0,66.71,-3.69,0,0,0,0,0,0,0,0,1,0,0,0.0,benchPlayer
0.45,Rondae_Hollis-Jefferson,4810,20200126,tor,sas,0,16.0,110.0,106.0,1,0.0,6.083333333,1.0,1.0,1.7,0.0,0.0,3600.0,4.0,63.92,3.05,0,1,1,0,0,1,0,0,1,0,0,-1.25,benchPlayer
0.1,Wenyen_Gabriel,5715,20200201,por,uta,1,22.5,124.0,107.0,1,0.0,2.65,1.0,1.0,2.0,0.0,0.0,3500.0,4.0,67.71,-0.36,0,0,0,1,0,1,0,0,0,0,0,-1.9,benchPlayer
6.72,Kent_Bazemore,4507,20200201,sac,lal,1,22.0,113.0,129.0,0,0.0,13.01666667,1.0,1.0,15.7,0.0,0.0,3700.0,3.0,67.12,-0.28,10,1,1,1,0,0,0,3,7,4,5,-8.98,belowAvg
0.0,D.J._Wilson,5146,20200120,mil,chi,1,17.0,111.0,98.0,1,0.0,2.066666667,1.0,1.0,0.0,0.0,0.0,3500.0,4.0,66.98,-0.61,0,0,0,0,0,0,0,0,1,0,0,0.0,benchPlayer
0.62,Cam_Reddish,5880,20200201,atl,dal,0,20.5,100.0,123.0,0,1.0,7.166666667,1.0,1.0,7.5,0.0,0.0,4300.0,3.0,65.02,-1.05,0,0,1,0,2,0,0,0,3,0,0,-6.88,benchPlayer
0.0,Dewan_Hernandez,5902,20191216,tor,cle,1,19.5,133.0,113.0,1,0.0,1.866666667,1.0,1.0,0.0,0.0,0.0,3500.0,4.0,66.16,-0.84,0,0,0,0,0,0,0,0,0,0,0,0.0,benchPlayer
0.0,Noah_Vonleh,4761,20200127,min,sac,1,20.0,129.0,133.0,0,0.0,0.016666667,1.0,1.0,0.0,0.0,0.0,3500.0,4.0,63.97,-0.41,0,0,0,0,0,0,0,0,0,0,0,0.0,benchPlayer
0.0,Justin_James,5808,20200201,sac,lal,1,22.0,113.0,129.0,0,0.0,0.066666667,1.0,1.0,0.0,0.0,0.0,3500.0,2.0,67.12,-0.28,0,0,0,0,0,0,0,0,0,0,0,0.0,benchPlayer
2.97,Iman_Shumpert,4397,20191211,bkn,cha,1,19.5,108.0,113.0,0,0.0,14.48333333,1.0,1.0,6.4,0.0,0.0,3500.0,2.0,68.31,-0.53,4,2,0,0,0,0,1,1,5,1,2,-3.43,benchPlayer
5.39,Jeff_Green,3992,20191223,uta,mia,0,19.5,104.0,107.0,0,0.0,18.4,1.0,1.0,17.2,0.0,0.0,3500.0,4.0,65.89,-5.65,7,1,2,2,0,0,0,3,8,1,1,-11.809999999999999,belowAvg
0.89,Justin_Anderson,4860,20200112,bkn,atl,1,18.0,108.0,86.0,1,0.0,4.433333333,1.0,1.0,2.2,0.0,0.0,3500.0,2.0,67.76,-0.04,1,1,0,0,0,0,0,0,2,1,2,-1.31,benchPlayer
16.7,Chris_Paul,3786,20200131,okc,pho,0,21.0,111.0,107.0,1,1.0,34.36666667,1.0,1.0,49.2,1.0,0.0,7300.0,1.0,63.28,1.15,20,6,10,3,0,2,2,7,16,4,4,-32.5,top
5.95,Jeremy_Lamb,4514,20200201,ind,nyk,1,19.0,85.0,92.0,0,1.0,25.75,1.0,1.0,11.4,0.0,0.0,4300.0,2.0,63.6,0.76,9,2,0,0,0,0,1,3,7,2,2,-5.45,belowAvg
9.73,C.J._McCollum,4657,20200201,por,uta,1,22.5,124.0,107.0,1,1.0,34.0,1.0,1.0,22.6,0.0,0.0,7300.0,2.0,67.71,-0.36,14,3,2,1,1,4,2,6,14,0,0,-12.870000000000001,average
3.2,Clint_Capela,4766,20200129,hou,por,0,22.0,112.0,125.0,0,1.0,17.15,1.0,1.0,8.9,0.0,0.0,7800.0,5.0,67.62,-15.04,2,7,1,0,0,3,0,1,1,0,2,-5.7,benchPlayer
0.29,Terance_Mann,5856,20200201,lac,min,1,15.5,118.0,106.0,1,0.0,2.2,1.0,1.0,1.2,0.0,0.0,3500.0,2.0,66.94,-0.42,0,1,0,0,0,0,0,0,1,0,0,-0.9099999999999999,benchPlayer
7.27,Patrick_McCaw,4902,20200202,tor,chi,1,15.0,129.0,102.0,1,0.0,22.95,1.0,1.0,18.4,0.0,0.0,3600.0,2.0,63.1,1.34,10,2,2,1,0,0,2,3,5,2,2,-11.129999999999999,belowAvg
1.91,Alex_Len,4591,20200124,atl,okc,0,20.0,111.0,140.0,0,0.0,14.25,1.0,1.0,16.8,0.0,0.0,4400.0,5.0,63.37,0.4,0,4,0,1,3,0,0,0,3,0,0,-14.89,belowAvg
5.51,Wendell_Carter_Jr.,5685,20200106,chi,dal,0,20.5,110.0,118.0,0,1.0,17.75,1.0,1.0,17.2,0.0,0.0,5800.0,5.0,65.02,-1.3,6,6,0,1,1,2,0,2,7,2,2,-11.69,belowAvg
4.03,Al-Farouq_Aminu,4261,20191129,orl,tor,1,19.0,83.0,90.0,0,0.0,18.26666667,1.0,1.0,12.9,0.0,0.0,3800.0,4.0,66.89,-1.71,5,2,1,2,0,2,1,2,7,0,0,-8.870000000000001,belowAvg
1.07,Bismack_Biyombo,4458,20200124,cha,mil,1,15.0,103.0,116.0,0,0.0,7.666666667,1.0,1.0,3.8,0.0,0.0,4000.0,5.0,63.69,-1.12,0,4,0,0,0,1,0,0,3,0,0,-2.7299999999999995,benchPlayer
0.0,Patrick_Patterson,4302,20200201,lac,min,1,15.5,118.0,106.0,1,0.0,2.2,1.0,1.0,0.0,0.0,0.0,3500.0,4.0,66.94,-0.42,0,0,0,0,0,0,0,0,0,0,0,0.0,benchPlayer
4.3,Thabo_Sefolosha,3931,20200202,hou,nor,1,14.0,117.0,109.0,1,0.0,18.03333333,1.0,1.0,21.1,0.0,0.0,3500.0,3.0,66.62,0.19,4,3,1,3,1,0,1,1,2,1,2,-16.8,average
15.78,Zion_Williamson,5888,20200202,nor,hou,0,14.0,109.0,117.0,0,1.0,32.98333333,1.0,1.0,37.5,1.0,0.0,6500.0,4.0,66.62,-0.37,21,10,1,1,1,3,0,8,14,5,7,-21.72,advanced
11.91,Avery_Bradley,4269,20200201,lal,sac,0,22.0,129.0,113.0,1,1.0,20.08333333,1.0,1.0,21.4,0.0,0.0,3500.0,2.0,67.12,-0.68,19,2,0,0,0,0,5,7,13,0,0,-9.489999999999998,average
2.38,Tony_Bradley,5166,20200129,uta,sas,0,20.5,120.0,127.0,0,0.0,10.45,1.0,1.0,4.0,0.0,0.0,3500.0,5.0,64.52,-14.37,4,0,0,0,0,0,0,2,3,0,0,-1.62,benchPlayer
17.46,Domantas_Sabonis,4921,20200201,ind,nyk,1,19.0,85.0,92.0,0,1.0,34.7,1.0,1.0,34.6,0.0,0.0,8400.0,4.0,63.6,0.76,25,8,2,0,0,3,0,0,0,5,8,-17.14,advanced
5.12,Victor_Oladipo,4627,20200201,ind,nyk,1,19.0,85.0,92.0,0,0.0,22.25,1.0,1.0,12.9,0.0,0.0,5500.0,2.0,63.6,0.76,7,2,1,1,0,1,1,2,14,2,2,-7.78,belowAvg
0.0,Zach_Norvell_Jr.,5821,20191027,lal,cha,1,21.5,120.0,101.0,1,0.0,2.333333333,1.0,1.0,0.0,0.0,0.0,3500.0,2.0,64.88,0.55,0,0,0,0,0,0,0,0,0,0,0,0.0,benchPlayer
7.11,Nemanja_Bjelica,4875,20200201,sac,lal,1,22.0,113.0,129.0,0,1.0,30.08333333,1.0,1.0,19.1,0.0,0.0,5500.0,4.0,67.12,-0.28,9,3,3,0,1,1,3,3,8,0,0,-11.990000000000002,belowAvg
9.22,DeAndre_Jordan,4107,20200201,bkn,was,0,20.0,107.0,113.0,0,0.0,21.03333333,1.0,1.0,33.7,0.0,0.0,4800.0,5.0,65.7,1.46,8,11,3,1,2,1,0,3,4,2,2,-24.480000000000004,advanced
14.43,Lauri_Markkanen,5227,20200122,chi,min,1,20.0,117.0,110.0,1,1.0,34.18333333,1.0,1.0,29.7,0.0,0.0,5100.0,4.0,65.2,0.18,21,6,1,1,0,3,4,6,14,5,6,-15.27,average
4.18,James_Johnson,4168,20200201,mia,orl,0,19.0,102.0,89.0,1,0.0,15.25,1.0,1.0,14.8,0.0,0.0,3500.0,4.0,66.25,0.25,4,4,2,2,0,3,0,2,4,0,0,-10.620000000000001,belowAvg
14.06,Bojan_Bogdanovic,4709,20200201,uta,por,0,22.5,107.0,124.0,0,1.0,28.95,1.0,1.0,27.9,0.0,0.0,5600.0,3.0,67.71,-15.62,22,2,1,1,0,1,5,6,11,5,5,-13.839999999999998,average
1.02,Stanley_Johnson,4838,20200202,tor,chi,1,15.0,129.0,102.0,1,0.0,4.433333333,1.0,1.0,6.9,0.0,0.0,3500.0,3.0,63.1,1.34,0,2,1,0,1,0,0,0,0,0,0,-5.880000000000001,benchPlayer
1.97,George_Hill,4102,20200128,mil,was,1,20.0,151.0,131.0,1,0.0,21.21666667,1.0,1.0,4.7,0.0,0.0,3800.0,1.0,65.02,-0.41,2,1,3,0,0,3,0,0,3,2,2,-2.7300000000000004,benchPlayer
2.5,Denzel_Valentine,4901,20200202,chi,tor,0,15.0,102.0,129.0,0,0.0,13.55,1.0,1.0,6.2,0.0,0.0,3700.0,3.0,63.1,2.65,3,1,2,0,0,1,1,1,5,0,0,-3.7,benchPlayer
12.09,Lonzo_Ball,5215,20200202,nor,hou,0,14.0,109.0,117.0,0,1.0,37.31666667,1.0,1.0,47.7,1.0,0.0,6600.0,1.0,66.62,-0.37,10,11,9,3,2,4,2,3,7,2,2,-35.61,top
7.95,Rudy_Gobert,4620,20200201,uta,por,0,22.5,107.0,124.0,0,1.0,32.06666667,1.0,1.0,33.2,0.0,0.0,8700.0,5.0,67.71,-15.62,6,11,2,1,3,1,0,1,4,4,4,-25.250000000000004,advanced
16.67,DeMar_DeRozan,4211,20200201,sas,cha,1,21.0,114.0,90.0,1,1.0,32.75,1.0,1.0,39.4,0.0,0.0,8600.0,2.0,64.93,-0.36,24,2,6,2,0,2,0,0,0,4,5,-22.729999999999997,advanced
11.02,Rajon_Rondo,3872,20200201,lal,sac,0,22.0,129.0,113.0,1,0.0,26.66666667,1.0,1.0,33.6,0.0,0.0,4000.0,1.0,67.12,-0.68,13,3,8,2,0,1,1,6,11,0,0,-22.580000000000002,advanced
9.79,Andrew_Wiggins,4704,20200201,min,lac,0,15.5,106.0,118.0,0,1.0,26.53333333,1.0,1.0,21.5,0.0,0.0,7700.0,2.0,66.94,-3.38,13,5,3,0,0,2,1,4,11,4,5,-11.71,average
2.38,Timothe_Luwawu,4918,20200131,bkn,chi,1,19.5,133.0,118.0,1,0.0,2.766666667,1.0,1.0,4.0,0.0,0.0,3500.0,2.0,67.71,-0.55,4,0,0,0,0,0,0,1,1,2,2,-1.62,benchPlayer
16.85,De'Aaron_Fox,5132,20200201,sac,lal,1,22.0,113.0,129.0,0,1.0,32.95,1.0,1.0,34.7,0.0,0.0,7900.0,1.0,67.12,-0.28,24,6,5,0,1,7,0,7,17,0,0,-17.85,advanced
8.08,Moritz_Wagner,5780,20191210,was,cha,0,19.0,107.0,114.0,0,1.0,25.73333333,1.0,1.0,23.7,0.0,0.0,6000.0,5.0,64.29,3.27,9,6,3,0,1,0,0,3,7,3,3,-15.62,average
3.49,Joe_Ingles,4701,20200201,uta,por,0,22.5,107.0,124.0,0,1.0,28.03333333,1.0,1.0,13.7,0.0,0.0,4700.0,3.0,67.71,-15.62,3,1,5,1,0,1,1,1,2,0,0,-10.209999999999999,belowAvg
12.43,Kevin_Porter,5861,20200201,cle,gsw,1,20.0,112.0,131.0,0,0.0,23.91666667,1.0,1.0,22.6,0.0,0.0,4000.0,3.0,63.19,0.86,19,3,2,0,0,3,3,5,12,6,6,-10.170000000000002,average
5.63,Gordon_Hayward,4285,20200201,bos,phi,1,20.5,116.0,95.0,1,1.0,35.48333333,1.0,1.0,19.8,0.0,0.0,6600.0,3.0,65.43,1.22,4,9,2,1,0,1,0,1,11,2,2,-14.170000000000002,belowAvg
3.57,Ryan_Anderson,4085,20191103,hou,mia,0,18.0,100.0,129.0,0,0.0,9.833333332999999,1.0,1.0,14.2,0.0,0.0,3500.0,4.0,66.52,0.63,2,6,2,1,0,1,0,1,5,0,0,-10.629999999999999,belowAvg
4.46,Nassir_Little,5937,20200201,por,uta,1,22.5,124.0,107.0,1,0.0,12.93333333,1.0,1.0,8.2,0.0,0.0,3500.0,3.0,67.71,-0.36,7,1,0,0,0,0,1,3,3,0,0,-3.7399999999999993,benchPlayer
2.94,Kevon_Looney,4820,20200201,gsw,cle,0,20.0,131.0,112.0,1,0.0,12.5,1.0,1.0,15.8,0.0,0.0,3500.0,5.0,63.19,4.07,2,4,0,2,1,0,0,0,2,2,2,-12.860000000000001,belowAvg
2.73,P.J._Tucker,3871,20200202,hou,nor,1,14.0,117.0,109.0,1,1.0,38.7,1.0,1.0,12.8,0.0,0.0,4300.0,4.0,66.62,0.19,0,9,0,1,0,1,0,0,5,0,0,-10.07,belowAvg
8.26,Blake_Griffin,4172,20191228,det,sas,0,20.5,109.0,136.0,0,1.0,28.88333333,1.0,1.0,17.4,0.0,0.0,5700.0,4.0,62.96,1.52,12,2,2,0,0,0,3,3,16,3,4,-9.139999999999999,belowAvg
0.06,Josh_Gray,5246,20191117,nor,gsw,1,19.0,108.0,100.0,1,0.0,7.266666667000001,1.0,1.0,-0.5,0.0,0.0,3500.0,1.0,66.75,0.02,0,0,1,0,0,2,0,0,0,0,0,0.56,benchPlayer
8.12,Trey_Lyles,4806,20200201,sas,cha,1,21.0,114.0,90.0,1,1.0,27.56666667,1.0,1.0,19.0,0.0,0.0,3700.0,4.0,64.93,-0.36,11,5,0,1,0,1,2,4,6,1,2,-10.88,belowAvg
9.37,Robert_Covington,4570,20200201,min,lac,0,15.5,106.0,118.0,0,1.0,35.06666667,1.0,1.0,31.0,0.0,0.0,5400.0,4.0,66.94,-3.38,12,5,0,3,2,2,1,3,7,5,6,-21.630000000000003,advanced
0.29,Jeremiah_Martin,5912,20200131,bkn,chi,1,19.5,133.0,118.0,1,0.0,2.316666667,1.0,1.0,1.2,0.0,0.0,3500.0,1.0,67.71,-0.55,0,1,0,0,0,0,0,0,1,0,0,-0.9099999999999999,benchPlayer
8.92,Nazareth_Mitrou-Long,5200,20191118,ind,bkn,0,19.5,115.0,86.0,1,0.0,25.55,1.0,1.0,22.1,0.0,0.0,3500.0,2.0,64.83,0.99,12,3,3,1,0,1,2,5,10,0,0,-13.180000000000001,average
17.45,Ben_Simmons,4925,20200201,phi,bos,0,20.5,95.0,116.0,0,1.0,37.43333333,1.0,1.0,40.3,0.0,0.0,9300.0,1.0,65.43,-0.31,23,9,5,1,0,4,0,9,14,5,9,-22.849999999999998,top
2.65,Jalen_Lecque,5929,20200202,pho,mil,0,14.0,108.0,129.0,0,0.0,10.73333333,1.0,1.0,5.5,0.0,0.0,3500.0,1.0,62.28,0.98,4,0,1,0,0,0,0,2,3,0,0,-2.85,benchPlayer
18.44,Marcus_Morris,4407,20200201,nyk,ind,0,19.0,92.0,85.0,1,1.0,34.56666667,1.0,1.0,36.2,0.0,0.0,5700.0,3.0,63.6,2.37,28,6,0,1,0,2,3,0,0,5,6,-17.76,advanced
0.55,Tyler_Johnson,4756,20200202,pho,mil,0,14.0,108.0,129.0,0,0.0,9.7,1.0,1.0,2.7,0.0,0.0,3700.0,1.0,62.28,0.98,0,1,1,0,0,0,0,0,3,0,0,-2.1500000000000004,benchPlayer
8.77,Trae_Young,5708,20200201,atl,dal,0,20.5,100.0,123.0,0,1.0,26.3,1.0,1.0,16.7,0.0,0.0,9900.0,1.0,65.02,-1.05,12,6,1,0,0,4,1,4,13,3,4,-7.93,belowAvg
1.78,B.J._Johnson,5787,20200127,orl,mia,0,19.5,92.0,113.0,0,0.0,2.516666667,1.0,1.0,4.4,0.0,0.0,3500.0,3.0,66.34,0.03,2,2,0,0,0,0,0,0,1,2,2,-2.62,benchPlayer
4.93,De'Anthony_Melton,5742,20200131,mem,nor,0,20.0,111.0,139.0,0,0.0,17.3,1.0,1.0,12.7,0.0,0.0,4300.0,1.0,67.16,-1.3,7,1,1,1,0,0,0,3,7,1,2,-7.77,belowAvg
0.29,JaKarr_Sampson,4676,20200201,ind,nyk,1,19.0,85.0,92.0,0,0.0,6.283333333,1.0,1.0,1.2,0.0,0.0,3500.0,3.0,63.6,0.76,0,1,0,0,0,0,0,0,0,0,0,-0.9099999999999999,benchPlayer
4.59,Kadeem_Allen,5113,20200201,nyk,ind,0,19.0,92.0,85.0,1,0.0,20.96666667,1.0,1.0,13.2,0.0,0.0,3600.0,2.0,63.6,2.37,6,1,2,1,0,0,0,2,2,2,3,-8.61,belowAvg
1.97,Vincent_Poirier,5843,20200130,bos,gsw,1,20.0,119.0,104.0,1,0.0,5.566666667000001,1.0,1.0,4.6,0.0,0.0,3500.0,5.0,68.17,-0.94,2,3,0,0,0,1,0,0,0,2,2,-2.63,benchPlayer
7.77,Pat_Connaughton,4811,20200202,mil,pho,1,14.0,129.0,108.0,1,0.0,19.76666667,1.0,1.0,23.9,0.0,0.0,3500.0,2.0,62.28,1.4,8,7,3,0,1,0,2,3,4,0,0,-16.13,average
-0.1,Naz_Reid,5931,20200201,min,lac,0,15.5,106.0,118.0,0,0.0,2.2,1.0,1.0,-1.0,0.0,0.0,3600.0,4.0,66.94,-3.38,0,0,0,0,0,1,0,0,0,0,0,0.9,benchPlayer
17.94,Spencer_Dinwiddie,4760,20200201,bkn,was,0,20.0,107.0,113.0,0,0.0,30.61666667,1.0,1.0,37.8,0.0,0.0,7100.0,2.0,65.7,1.46,26,4,6,1,0,5,4,9,23,4,7,-19.859999999999996,advanced
12.62,Damion_Lee,4911,20200201,gsw,cle,0,20.0,131.0,112.0,1,1.0,27.06666667,1.0,1.0,28.8,0.0,0.0,4200.0,2.0,63.19,4.07,18,4,2,1,0,0,2,8,11,0,0,-16.18,average
1.19,Caleb_Martin,5855,20191215,cha,ind,0,17.0,85.0,107.0,0,0.0,3.783333333,1.0,1.0,2.0,0.0,0.0,3500.0,3.0,64.47,0.64,2,0,0,0,0,0,0,0,0,2,2,-0.81,benchPlayer
0.0,Devon_Hall,5917,20191209,okc,uta,0,21.0,104.0,90.0,1,0.0,0.8666666670000001,1.0,1.0,0.0,0.0,0.0,3500.0,2.0,48.58,16.69,0,0,0,0,0,0,0,0,0,0,0,0.0,benchPlayer
4.28,Royce_O'Neale,5182,20200201,uta,por,0,22.5,107.0,124.0,0,0.0,23.46666667,1.0,1.0,19.7,0.0,0.0,3900.0,4.0,67.71,-15.62,3,6,1,2,1,1,1,1,6,0,0,-15.419999999999998,belowAvg
7.51,LaMarcus_Aldridge,3860,20200201,sas,cha,1,21.0,114.0,90.0,1,1.0,27.81666667,1.0,1.0,22.4,0.0,0.0,7400.0,4.0,64.93,-0.36,8,7,2,0,1,0,0,4,10,0,1,-14.889999999999999,average
7.97,Tobias_Harris,4412,20200201,phi,bos,0,20.5,95.0,116.0,0,1.0,32.36666667,1.0,1.0,19.7,0.0,0.0,6800.0,3.0,65.43,-0.31,10,6,1,1,0,2,1,4,12,1,1,-11.73,belowAvg
3.56,Alfonzo_McKinnie,5230,20200201,cle,gsw,1,20.0,112.0,131.0,0,0.0,18.15,1.0,1.0,7.4,0.0,0.0,3700.0,3.0,63.19,0.86,5,2,0,0,0,0,1,2,4,0,0,-3.8400000000000003,benchPlayer
1.69,Wayne_Ellington,4185,20200129,nyk,mem,1,19.5,106.0,127.0,0,0.0,8.166666667000001,1.0,1.0,6.2,0.0,0.0,3500.0,2.0,66.98,-1.01,2,1,0,1,0,0,0,0,2,2,2,-4.51,benchPlayer
4.92,Daniel_Theis,5114,20200201,bos,phi,1,20.5,116.0,95.0,1,1.0,26.26666667,1.0,1.0,12.4,0.0,0.0,5100.0,4.0,65.43,1.22,5,7,0,0,0,1,0,2,3,1,2,-7.48,belowAvg
1.08,Robert_Williams,5660,20191206,bos,den,1,20.0,108.0,95.0,1,0.0,12.55,1.0,1.0,6.6,0.0,0.0,3700.0,5.0,66.39,-0.61,0,3,0,1,0,0,0,0,1,0,0,-5.52,benchPlayer
0.0,Yuta_Watanabe,5753,20200131,mem,nor,0,20.0,111.0,139.0,0,0.0,6.716666667,1.0,1.0,0.0,0.0,0.0,3500.0,2.0,67.16,-1.3,0,0,0,0,0,0,0,0,0,0,2,0.0,benchPlayer
2.02,Norvel_Pelle,5904,20200122,phi,tor,0,19.0,95.0,107.0,0,0.0,11.75,1.0,1.0,10.8,0.0,0.0,3500.0,4.0,67.3,0.0,1,4,0,0,2,1,0,0,2,1,2,-8.780000000000001,belowAvg
14.07,Elfrid_Payton,4699,20200129,nyk,mem,1,19.5,106.0,127.0,0,1.0,34.88333333,1.0,1.0,43.9,1.0,0.0,6200.0,1.0,66.98,-1.01,15,7,11,2,0,2,0,7,14,1,2,-29.83,top
8.23,Cory_Joseph,4405,20200201,sac,lal,1,22.0,113.0,129.0,0,0.0,23.98333333,1.0,1.0,21.7,0.0,0.0,3800.0,1.0,67.12,-0.28,9,6,5,0,0,2,3,3,9,0,0,-13.469999999999999,average
12.92,Jakob_Poeltl,5004,20200201,sas,cha,1,21.0,114.0,90.0,1,0.0,18.23333333,1.0,1.0,34.9,0.0,0.0,4900.0,5.0,64.93,-0.36,17,7,1,2,1,1,0,7,8,3,5,-21.979999999999997,advanced
6.9,Zach_Collins,5155,20191027,por,dal,0,19.0,121.0,119.0,1,1.0,24.03333333,1.0,1.0,13.1,0.0,0.0,5300.0,4.0,63.51,3.66,10,3,1,0,0,2,2,3,5,2,2,-6.199999999999999,belowAvg
12.58,Kelly_Oubre,4828,20200202,pho,mil,0,14.0,108.0,129.0,0,1.0,36.31666667,1.0,1.0,33.0,1.0,0.0,6800.0,3.0,62.28,0.98,15,10,2,1,0,0,1,5,20,4,4,-20.42,advanced
11.37,Montrezl_Harrell,4857,20200201,lac,min,1,15.5,118.0,106.0,1,0.0,26.38333333,1.0,1.0,26.2,0.0,0.0,6800.0,5.0,66.94,-0.42,16,6,0,1,1,3,0,8,13,0,0,-14.83,average
3.74,Kendrick_Nunn,5671,20200201,mia,orl,0,19.0,102.0,89.0,1,1.0,16.51666667,1.0,1.0,6.5,0.0,0.0,5100.0,1.0,66.25,0.25,6,0,1,0,0,1,1,2,5,1,2,-2.76,benchPlayer
0.0,Dzanan_Musa,5767,20200129,bkn,det,1,19.5,125.0,115.0,1,0.0,0.983333333,1.0,1.0,0.0,0.0,0.0,3500.0,3.0,67.07,-0.86,0,0,0,0,0,0,0,0,0,0,0,0.0,benchPlayer
8.56,Stephen_Curry,4173,20191030,gsw,pho,1,22.5,110.0,121.0,0,1.0,21.15,1.0,1.0,29.0,0.0,0.0,9600.0,1.0,67.62,-0.87,9,5,6,1,2,4,1,3,11,2,2,-20.439999999999998,average
16.54,Donovan_Mitchell,5136,20200201,uta,por,0,22.5,107.0,124.0,0,1.0,32.4,1.0,1.0,34.4,0.0,0.0,7500.0,2.0,67.71,-15.62,25,2,4,1,0,2,3,0,0,0,0,-17.86,advanced
17.21,Jayson_Tatum,5111,20200201,bos,phi,1,20.5,116.0,95.0,1,1.0,28.6,1.0,1.0,40.6,0.0,0.0,7500.0,4.0,65.43,1.22,25,3,4,1,1,0,3,7,19,8,10,-23.39,top
0.0,Jonah_Bolden,5255,20200125,phi,lal,1,20.5,108.0,91.0,1,0.0,0.916666667,1.0,1.0,0.0,0.0,0.0,3500.0,4.0,65.38,1.13,0,0,0,0,0,0,0,0,0,0,0,0.0,benchPlayer
8.08,Kyle_Kuzma,5216,20200201,lal,sac,0,22.0,129.0,113.0,1,0.0,20.18333333,1.0,1.0,17.9,0.0,0.0,4200.0,4.0,67.12,-0.68,12,2,1,0,1,1,1,4,10,3,4,-9.819999999999999,belowAvg
7.04,Dwight_Powell,4674,20200117,dal,por,1,21.5,120.0,112.0,1,1.0,27.53333333,1.0,1.0,18.2,0.0,0.0,5500.0,5.0,64.33,0.87,8,6,2,0,0,0,0,3,6,2,2,-11.16,belowAvg
1.19,Jalen_McDaniels,5945,20191215,cha,ind,0,17.0,85.0,107.0,0,0.0,3.783333333,1.0,1.0,2.0,0.0,0.0,3500.0,4.0,64.47,0.64,2,0,0,0,0,0,0,1,3,0,0,-0.81,benchPlayer
0.0,Daryl_Macon,5668,20191210,mia,atl,1,20.0,135.0,121.0,1,0.0,0.816666667,1.0,1.0,0.0,0.0,0.0,3500.0,1.0,67.16,-0.02,0,0,0,0,0,0,0,0,0,0,0,0.0,benchPlayer
0.58,Allonzo_Trier,5701,20200118,nyk,phi,1,19.5,87.0,90.0,0,0.0,13.25,1.0,1.0,2.4,0.0,0.0,3500.0,2.0,66.2,0.23,0,2,0,0,0,0,0,0,3,0,0,-1.8199999999999998,benchPlayer
19.71,Terence_Davis,5901,20200202,tor,chi,1,15.0,129.0,102.0,1,0.0,28.38333333,1.0,1.0,35.3,0.0,0.0,3900.0,2.0,63.1,1.34,31,4,1,0,0,2,6,0,0,1,2,-15.589999999999996,advanced
8.26,Taj_Gibson,4167,20200201,nyk,ind,0,19.0,92.0,85.0,1,1.0,15.56666667,1.0,1.0,19.9,0.0,0.0,3500.0,4.0,63.6,2.37,10,7,1,0,0,0,0,5,6,0,0,-11.639999999999999,belowAvg
7.91,Dion_Waiters,4515,20200128,mia,bos,1,20.0,101.0,109.0,0,0.0,18.46666667,1.0,1.0,16.0,0.0,0.0,4100.0,3.0,66.3,0.2,11,5,0,0,0,1,3,4,11,0,0,-8.09,belowAvg
9.84,Patrick_Beverley,4234,20200201,lac,min,1,15.5,118.0,106.0,1,1.0,27.35,1.0,1.0,28.0,0.0,0.0,4800.0,1.0,66.94,-0.42,12,5,4,1,1,2,2,5,10,0,0,-18.16,average
1.78,Tyler_Cook,5940,20200128,cle,nor,1,19.5,111.0,125.0,0,0.0,1.6333333330000002,1.0,1.0,4.4,0.0,0.0,3500.0,4.0,64.38,-0.36,2,2,0,0,0,0,0,1,1,0,0,-2.62,benchPlayer
6.04,Trevor_Ariza,3621,20200201,por,uta,1,22.5,124.0,107.0,1,1.0,26.28333333,1.0,1.0,16.4,0.0,0.0,4800.0,3.0,67.71,-0.36,6,7,2,0,0,1,0,3,6,0,0,-10.36,belowAvg
18.68,Andre_Drummond,4489,20200202,det,den,1,12.5,128.0,123.0,1,1.0,30.2,1.0,1.0,51.4,1.0,0.0,9500.0,5.0,61.82,1.91,21,17,4,0,2,2,0,9,17,3,4,-32.72,top
7.17,Guillermo_Hernangomez,4949,20200201,cha,sas,0,21.0,90.0,114.0,0,0.0,18.03333333,1.0,1.0,17.4,0.0,0.0,4000.0,5.0,64.93,0.64,10,2,2,1,0,1,0,3,7,4,4,-10.229999999999999,belowAvg
11.24,Kyle_Anderson,4736,20200131,mem,nor,0,20.0,111.0,139.0,0,0.0,23.76666667,1.0,1.0,32.7,0.0,0.0,3600.0,2.0,67.16,-1.3,14,6,3,1,2,2,1,6,9,1,5,-21.46,advanced
29.81,Nikola_Jokic,4772,20200202,den,det,0,12.5,123.0,128.0,0,1.0,39.75,1.0,1.0,80.5,1.0,1.0,10000.0,5.0,61.82,-6.49,39,10,11,3,2,2,1,0,0,6,7,-50.69,top
4.21,PJ_Dozier,5177,20200202,den,det,0,12.5,123.0,128.0,0,0.0,13.5,1.0,1.0,9.3,0.0,0.0,3500.0,2.0,61.82,-6.49,5,4,1,0,0,2,0,2,7,1,2,-5.090000000000001,benchPlayer
13.66,Maxi_Kleber,5162,20200201,dal,atl,1,20.5,123.0,100.0,1,1.0,30.2,1.0,1.0,41.7,0.0,0.0,3900.0,4.0,65.02,0.14,18,6,1,1,4,0,4,6,9,2,2,-28.040000000000003,top
2.24,Keita_Bates-Diop,5675,20200201,min,lac,0,15.5,106.0,118.0,0,0.0,10.73333333,1.0,1.0,8.9,0.0,0.0,3900.0,3.0,66.94,-3.38,2,2,1,1,0,0,0,1,2,0,0,-6.66,benchPlayer
1.48,Rayjon_Tucker,5898,20200201,uta,por,0,22.5,107.0,124.0,0,0.0,2.65,1.0,1.0,3.2,0.0,0.0,3500.0,1.0,67.71,-15.62,2,1,0,0,0,0,0,1,1,0,0,-1.7200000000000002,benchPlayer
15.64,Anthony_Davis,4482,20200201,lal,sac,0,22.0,129.0,113.0,1,1.0,29.66666667,1.0,1.0,41.8,0.0,0.0,10300.0,4.0,67.12,-0.68,21,4,6,2,1,2,1,5,9,0,0,-26.159999999999997,top
0.78,Marques_Bolden,5858,20200201,cle,gsw,1,20.0,112.0,131.0,0,0.0,2.816666667,1.0,1.0,5.4,0.0,0.0,3500.0,4.0,63.19,0.86,0,2,0,1,0,0,0,0,0,0,0,-4.62,benchPlayer
24.55,Kristaps_Porzingis,4871,20200131,dal,hou,0,19.5,121.0,128.0,0,1.0,35.55,1.0,1.0,54.4,1.0,0.0,6400.0,4.0,66.66,-4.82,35,12,0,2,1,4,1,0,0,0,0,-29.849999999999998,top
0.46,Talen_Horton-Tucker,5820,20191222,lal,den,1,21.5,104.0,128.0,0,0.0,2.85,1.0,1.0,4.5,0.0,0.0,3500.0,2.0,65.43,0.12,0,0,1,1,0,0,0,0,0,0,0,-4.04,benchPlayer
5.32,Doug_McDermott,4669,20200201,ind,nyk,1,19.0,85.0,92.0,0,0.0,16.68333333,1.0,1.0,10.7,0.0,0.0,3500.0,3.0,63.6,0.76,8,1,1,0,0,0,1,3,9,1,2,-5.379999999999999,belowAvg
4.39,Bryn_Forbes,4995,20200201,sas,cha,1,21.0,114.0,90.0,1,1.0,16.41666667,1.0,1.0,10.2,0.0,0.0,3600.0,2.0,64.93,-0.36,6,1,2,0,0,0,2,2,8,0,0,-5.81,belowAvg
11.57,Draymond_Green,4504,20200201,gsw,cle,0,20.0,131.0,112.0,1,1.0,25.83333333,1.0,1.0,50.4,0.0,0.0,5800.0,4.0,63.19,4.07,8,7,16,2,2,2,2,3,6,0,0,-38.83,top
11.89,Serge_Ibaka,4104,20200202,tor,chi,1,15.0,129.0,102.0,1,1.0,24.5,1.0,1.0,31.7,0.0,0.0,5800.0,4.0,63.1,1.34,16,6,1,0,3,2,1,7,12,1,2,-19.81,advanced
7.82,Dillon_Brooks,5173,20200131,mem,nor,0,20.0,111.0,139.0,0,1.0,26.83333333,1.0,1.0,24.6,0.0,0.0,5600.0,2.0,67.16,-1.3,10,3,2,1,2,1,1,3,14,3,3,-16.78,average
7.88,Isaac_Bonga,5693,20200201,was,bkn,1,20.0,113.0,107.0,1,1.0,30.48333333,1.0,1.0,25.9,0.0,0.0,3600.0,3.0,65.7,0.86,8,7,3,1,1,1,0,3,4,2,2,-18.02,average
1.91,Derrick_Rose,4073,20200202,det,den,1,12.5,128.0,123.0,1,1.0,12.86666667,1.0,1.0,5.2,0.0,0.0,7100.0,1.0,61.82,1.91,2,1,2,0,0,1,0,1,3,0,2,-3.29,benchPlayer
1.13,Justise_Winslow,4787,20200108,mia,ind,0,19.0,122.0,108.0,1,0.0,15.55,1.0,1.0,8.9,0.0,0.0,4500.0,3.0,66.02,1.07,0,2,1,1,1,1,0,0,2,0,0,-7.7700000000000005,benchPlayer
0.0,Josh_Reaves,5922,20200104,dal,cha,1,20.5,120.0,123.0,0,0.0,0.05,1.0,1.0,0.0,0.0,0.0,3500.0,2.0,65.61,-1.52,0,0,0,0,0,0,0,0,0,0,0,0.0,benchPlayer
10.42,Ja_Morant,5841,20200131,mem,nor,0,20.0,111.0,139.0,0,1.0,26.75,1.0,1.0,19.7,0.0,0.0,7400.0,1.0,67.16,-1.3,16,1,3,0,0,2,1,7,12,1,2,-9.28,belowAvg
16.71,Deandre_Ayton,5713,20200202,pho,mil,0,14.0,108.0,129.0,0,1.0,29.75,1.0,1.0,43.8,1.0,0.0,8200.0,5.0,62.28,0.98,20,14,2,1,1,2,0,0,0,0,0,-27.089999999999996,top
8.61,Goran_Dragic,4092,20200201,mia,orl,0,19.0,102.0,89.0,1,0.0,31.48333333,1.0,1.0,21.4,0.0,0.0,5200.0,1.0,66.25,0.25,11,2,6,0,0,1,0,2,8,7,8,-12.79,average
2.07,Wilson_Chandler,3978,20200201,bkn,was,0,20.0,107.0,113.0,0,0.0,19.46666667,1.0,1.0,5.6,0.0,0.0,3700.0,3.0,65.7,1.46,2,3,0,0,0,0,0,0,1,2,2,-3.53,benchPlayer
0.49,Admiral_Schofield,5870,20200130,was,cha,1,19.0,121.0,107.0,1,0.0,2.6,1.0,1.0,4.2,0.0,0.0,3700.0,3.0,67.94,-1.59,0,1,0,1,0,0,0,0,0,0,0,-3.71,benchPlayer
5.29,Langston_Galloway,4735,20200202,det,den,1,12.5,128.0,123.0,1,0.0,19.9,1.0,1.0,11.0,0.0,0.0,3500.0,2.0,61.82,1.91,8,0,2,0,0,0,2,3,6,0,0,-5.71,belowAvg
13.23,Thomas_Bryant,5217,20200201,was,bkn,1,20.0,113.0,107.0,1,0.0,25.35,1.0,1.0,32.0,1.0,0.0,5000.0,5.0,65.7,0.86,17,10,0,0,1,0,1,7,11,2,5,-18.77,advanced
3.36,Taurean_Prince,4938,20200201,bkn,was,0,20.0,107.0,113.0,0,1.0,27.43333333,1.0,1.0,15.0,0.0,0.0,5400.0,3.0,65.7,1.46,2,5,2,1,1,2,0,1,9,0,0,-11.64,belowAvg
2.94,Ante_Zizic,5119,20200111,cle,den,0,21.0,111.0,103.0,1,0.0,9.566666667,1.0,1.0,9.2,0.0,0.0,3600.0,5.0,43.97,20.17,2,6,0,0,0,0,0,1,3,0,0,-6.26,benchPlayer
7.21,Cameron_Johnson,5925,20200116,pho,nyk,0,19.5,121.0,98.0,1,0.0,23.38333333,1.0,1.0,16.8,0.0,0.0,3600.0,3.0,66.89,-4.22,10,4,0,0,1,1,2,4,9,0,0,-9.59,belowAvg
4.48,Jordan_McLaughlin,5733,20200201,min,lac,0,15.5,106.0,118.0,0,0.0,16.63333333,1.0,1.0,16.9,0.0,0.0,3500.0,1.0,66.94,-3.38,4,2,5,1,0,0,0,2,6,0,0,-12.419999999999998,belowAvg
16.7,Russell_Westbrook,4079,20200202,hou,nor,1,14.0,117.0,109.0,1,1.0,36.03333333,1.0,1.0,40.7,0.0,0.0,11200.0,1.0,66.62,0.19,22,6,7,1,0,2,1,9,24,3,3,-24.000000000000004,top
1.19,Kyle_Guy,5805,20200124,sac,chi,0,20.0,98.0,81.0,1,0.0,1.3,1.0,1.0,2.0,0.0,0.0,3500.0,2.0,63.37,1.25,2,0,0,0,0,0,0,1,1,0,0,-0.81,benchPlayer
0.29,Stanton_Kidd,5832,20191111,uta,gsw,0,22.5,122.0,108.0,1,0.0,1.85,1.0,1.0,1.2,0.0,0.0,3500.0,4.0,66.89,-17.33,0,1,0,0,0,0,0,0,0,0,0,-0.9099999999999999,benchPlayer
0.29,Jared_Dudley,3985,20200201,lal,sac,0,22.0,129.0,113.0,1,0.0,3.333333333,1.0,1.0,1.2,0.0,0.0,3500.0,3.0,67.12,-0.68,0,1,0,0,0,0,0,0,0,0,0,-0.9099999999999999,benchPlayer
11.86,Chandler_Hutchison,5686,20200202,chi,tor,0,15.0,102.0,129.0,0,1.0,27.6,1.0,1.0,25.5,0.0,0.0,4100.0,3.0,63.1,2.65,17,5,1,1,0,2,1,5,13,6,9,-13.64,average
1.92,Raul_Neto,4807,20200201,phi,bos,0,20.5,95.0,116.0,0,0.0,10.56666667,1.0,1.0,6.3,0.0,0.0,3800.0,1.0,65.43,-0.31,1,4,1,0,0,1,0,0,3,1,2,-4.38,benchPlayer
16.05,Jimmy_Butler,4363,20200201,mia,orl,0,19.0,102.0,89.0,1,1.0,34.11666667,1.0,1.0,35.1,0.0,0.0,8300.0,2.0,66.25,0.25,24,3,3,1,1,3,0,8,15,8,9,-19.05,advanced
0.26,Justin_Robinson,5871,20200101,was,orl,1,18.0,101.0,122.0,0,0.0,3.85,1.0,1.0,1.5,0.0,0.0,3500.0,1.0,66.07,0.15,0,0,1,0,0,0,0,0,1,0,0,-1.24,benchPlayer
5.86,Richaun_Holmes,4835,20200106,sac,gsw,1,22.0,111.0,98.0,1,1.0,20.13333333,1.0,1.0,19.3,0.0,0.0,6700.0,4.0,67.71,-0.21,7,4,1,1,2,3,0,3,5,1,1,-13.440000000000001,belowAvg
6.98,Landry_Shamet,5704,20200201,lac,min,1,15.5,118.0,106.0,1,0.0,33.2,1.0,1.0,17.2,0.0,0.0,4500.0,1.0,66.94,-0.42,10,1,2,1,0,0,2,3,6,2,3,-10.219999999999999,belowAvg
0.76,Chris_Chiozza,5773,20200123,bkn,lal,1,20.0,113.0,128.0,0,0.0,4.4,1.0,1.0,5.7,0.0,0.0,3600.0,1.0,68.17,-0.53,0,1,1,1,0,0,0,0,1,0,0,-4.94,benchPlayer
3.24,John_Henson,4525,20200201,cle,gsw,1,20.0,112.0,131.0,0,0.0,14.7,1.0,1.0,15.8,0.0,0.0,3600.0,4.0,63.19,0.86,2,4,2,0,2,0,0,1,3,0,0,-12.56,belowAvg
3.46,Marko_Guduric,5838,20200129,mem,nyk,0,19.5,127.0,106.0,1,0.0,12.71666667,1.0,1.0,6.4,0.0,0.0,3500.0,2.0,66.98,-2.05,5,2,0,0,0,1,1,1,2,2,2,-2.9400000000000004,benchPlayer
1.69,Jonathan_Isaac,5137,20200101,orl,was,0,18.0,122.0,101.0,1,1.0,2.05,1.0,1.0,6.2,0.0,0.0,6700.0,3.0,66.07,-0.46,2,1,0,1,0,0,0,1,2,0,0,-4.51,benchPlayer
2.55,Thon_Maker,4935,20200202,det,den,1,12.5,128.0,123.0,1,0.0,6.316666667000001,1.0,1.0,4.5,0.0,0.0,3800.0,5.0,61.82,1.91,4,0,1,0,0,1,0,2,2,0,0,-1.9500000000000002,benchPlayer
11.11,Danuel_House,4916,20200202,hou,nor,1,14.0,117.0,109.0,1,1.0,28.06666667,1.0,1.0,30.9,1.0,0.0,4200.0,3.0,66.62,0.19,12,12,1,1,0,0,2,5,14,0,0,-19.79,advanced
8.61,Alex_Caruso,5218,20200201,lal,sac,0,22.0,129.0,113.0,1,0.0,16.18333333,1.0,1.0,20.7,0.0,0.0,3700.0,1.0,67.12,-0.68,13,1,1,2,0,1,3,5,6,0,1,-12.09,average
2.31,Zylan_Cheatham,5886,20200113,nor,det,0,19.0,117.0,110.0,1,0.0,10.93333333,1.0,1.0,8.1,0.0,0.0,3500.0,4.0,65.57,2.1,2,3,1,0,1,2,0,1,1,0,0,-5.789999999999999,benchPlayer
7.7,Danny_Green,4193,20200201,lal,sac,0,22.0,129.0,113.0,1,1.0,21.85,1.0,1.0,25.3,0.0,0.0,4000.0,2.0,67.12,-0.68,9,4,3,2,1,2,3,3,8,0,0,-17.6,average
6.67,JaVale_McGee,4114,20200201,lal,sac,0,22.0,129.0,113.0,1,1.0,15.11666667,1.0,1.0,17.1,0.0,0.0,4400.0,5.0,67.12,-0.68,7,8,1,0,0,1,0,2,2,3,4,-10.430000000000001,belowAvg
18.51,John_Collins,5134,20200201,atl,dal,0,20.5,100.0,123.0,0,1.0,33.05,1.0,1.0,37.2,1.0,0.0,7600.0,4.0,65.02,-1.05,26,11,0,0,0,2,1,0,0,3,5,-18.69,advanced
8.94,Al_Horford,3998,20200201,phi,bos,0,20.5,95.0,116.0,0,1.0,28.85,1.0,1.0,24.8,0.0,0.0,6500.0,4.0,65.43,-0.31,9,9,4,0,0,1,1,4,11,0,0,-15.860000000000001,average
5.15,Derrick_Jones,4941,20200201,mia,orl,0,19.0,102.0,89.0,1,0.0,27.63333333,1.0,1.0,24.9,0.0,0.0,3800.0,3.0,66.25,0.25,3,7,3,0,3,0,1,1,4,0,0,-19.75,average
23.48,Bradley_Beal,4494,20200201,was,bkn,1,20.0,113.0,107.0,1,1.0,35.9,1.0,1.0,60.2,0.0,0.0,9600.0,2.0,65.7,0.86,34,6,2,3,3,2,2,0,0,0,0,-36.72,top
2.84,Justin_Patton,5176,20200115,okc,tor,1,20.0,121.0,130.0,0,0.0,10.51666667,1.0,1.0,5.7,0.0,0.0,3500.0,5.0,64.24,-0.56,4,1,1,0,0,1,0,2,5,0,0,-2.8600000000000003,benchPlayer
11.76,Marcus_Smart,4677,20200201,bos,phi,1,20.5,116.0,95.0,1,1.0,34.2,1.0,1.0,28.8,0.0,0.0,5800.0,2.0,65.43,1.22,16,4,4,2,0,4,1,5,8,5,6,-17.04,average
0.0,Dean_Wade,5857,20200128,cle,nor,1,19.5,111.0,125.0,0,0.0,1.6333333330000002,1.0,1.0,0.0,0.0,0.0,3700.0,4.0,64.38,-0.36,0,0,0,0,0,0,0,0,0,0,0,0.0,benchPlayer
3.93,Justin_Holiday,4558,20200201,ind,nyk,1,19.0,85.0,92.0,0,0.0,25.91666667,1.0,1.0,10.6,0.0,0.0,4300.0,3.0,63.6,0.76,5,3,0,0,1,1,1,2,3,0,2,-6.67,belowAvg
9.81,Brandon_Goodwin,5727,20200201,atl,dal,0,20.5,100.0,123.0,0,0.0,24.46666667,1.0,1.0,25.9,0.0,0.0,3500.0,1.0,65.02,-1.05,11,7,5,0,0,1,1,4,11,2,2,-16.089999999999996,average
0.16,Emmanuel_Mudiay,4773,20200201,uta,por,0,22.5,107.0,124.0,0,0.0,2.65,1.0,1.0,0.5,0.0,0.0,3800.0,1.0,67.71,-15.62,0,0,1,0,0,1,0,0,2,0,0,-0.33999999999999997,benchPlayer
0.0,Isaiah_Roby,5919,20200129,okc,sac,0,22.0,120.0,100.0,1,0.0,1.516666667,1.0,1.0,0.0,0.0,0.0,3500.0,4.0,66.71,-3.69,0,0,0,0,0,0,0,0,1,0,0,0.0,benchPlayer
2.08,Udonis_Haslem,3535,20191120,mia,cle,1,19.5,124.0,100.0,1,0.0,5.816666667000001,1.0,1.0,4.2,0.0,0.0,3500.0,4.0,67.12,-0.49,3,1,0,0,0,0,0,0,0,3,4,-2.12,benchPlayer
0.29,Skal_Labissiere,4979,20191228,por,lal,1,22.0,120.0,128.0,0,1.0,2.616666667,1.0,1.0,1.2,0.0,0.0,4000.0,4.0,67.3,-5.91,0,1,0,0,0,0,0,0,1,0,0,-0.9099999999999999,benchPlayer
3.64,Jamal_Murray,4954,20200115,den,cha,1,21.0,100.0,86.0,1,1.0,14.65,1.0,1.0,10.7,0.0,0.0,6500.0,1.0,46.11,-0.97,5,1,1,2,0,3,0,2,7,1,1,-7.059999999999999,belowAvg
4.99,Matt_Thomas,5903,20200202,tor,chi,1,15.0,129.0,102.0,1,0.0,18.05,1.0,1.0,11.2,0.0,0.0,3500.0,2.0,63.1,1.34,7,1,2,0,0,0,1,3,6,0,0,-6.209999999999999,belowAvg
14.99,Buddy_Hield,4961,20200201,sac,lal,1,22.0,113.0,129.0,0,0.0,29.55,1.0,1.0,33.8,0.0,0.0,5900.0,2.0,67.12,-0.28,22,4,2,1,1,2,6,8,16,0,0,-18.809999999999995,advanced
4.02,Jarrett_Culver,5932,20200201,min,lac,0,15.5,106.0,118.0,0,1.0,22.16666667,1.0,1.0,9.1,0.0,0.0,4400.0,3.0,66.94,-3.38,5,3,1,0,0,1,0,2,5,1,2,-5.08,benchPlayer
0.55,Jaylen_Nowell,5933,20200102,min,gsw,1,20.0,99.0,84.0,1,0.0,5.75,1.0,1.0,2.7,0.0,0.0,3500.0,1.0,61.91,0.3,0,1,1,0,0,0,0,0,4,0,0,-2.1500000000000004,benchPlayer
13.0,Kevin_Huerter,5754,20200201,atl,dal,0,20.5,100.0,123.0,0,1.0,40.16666667,1.0,1.0,26.7,0.0,0.0,4600.0,2.0,65.02,-1.05,20,1,3,1,0,2,6,7,12,0,0,-13.7,average
2.97,Sterling_Brown,5184,20200202,mil,pho,1,14.0,129.0,108.0,1,0.0,10.3,1.0,1.0,6.4,0.0,0.0,3500.0,2.0,62.28,1.4,4,2,0,0,0,0,0,2,3,0,0,-3.43,benchPlayer
2.98,Shamorie_Ponds,5798,20191231,tor,cle,1,19.0,117.0,97.0,1,0.0,1.95,1.0,1.0,5.0,0.0,0.0,3500.0,1.0,63.69,1.36,5,0,0,0,0,0,1,1,1,2,2,-2.02,benchPlayer
3.07,Rudy_Gay,3857,20200201,sas,cha,1,21.0,114.0,90.0,1,0.0,6.3666666670000005,1.0,1.0,4.2,0.0,0.0,3900.0,3.0,64.93,-0.36,5,1,0,0,0,2,1,2,4,0,0,-1.1300000000000003,benchPlayer
8.76,Coby_White,5895,20200202,chi,tor,0,15.0,102.0,129.0,0,0.0,24.6,1.0,1.0,20.7,0.0,0.0,4200.0,1.0,63.1,2.65,12,1,5,0,0,0,4,4,13,0,0,-11.94,average
3.77,JaMychal_Green,4581,20200201,lac,min,1,15.5,118.0,106.0,1,0.0,20.73333333,1.0,1.0,15.5,0.0,0.0,3600.0,4.0,66.94,-0.42,3,5,1,0,2,1,1,1,4,0,0,-11.73,belowAvg
17.25,Dennis_Schroder,4595,20200131,okc,pho,0,21.0,111.0,107.0,1,0.0,29.53333333,1.0,1.0,41.8,0.0,0.0,6000.0,2.0,63.28,1.15,24,4,6,2,0,2,3,8,19,5,5,-24.549999999999997,top
0.45,Evan_Turner,4318,20191228,atl,chi,0,20.0,81.0,116.0,0,0.0,4.283333333,1.0,1.0,1.7,0.0,0.0,3500.0,2.0,64.2,0.08,0,1,1,0,0,1,0,0,1,0,0,-1.25,benchPlayer
3.87,David_Nwaba,5109,20191219,bkn,sas,0,20.5,105.0,118.0,0,0.0,16.13333333,1.0,1.0,15.4,0.0,0.0,3900.0,2.0,65.52,1.23,4,2,2,1,1,0,0,0,2,4,4,-11.530000000000001,belowAvg
4.71,Georges_Niang,5015,20200201,uta,por,0,22.5,107.0,124.0,0,0.0,18.5,1.0,1.0,11.1,0.0,0.0,3500.0,4.0,67.71,-15.62,6,3,1,0,0,0,0,3,10,0,0,-6.39,belowAvg
0.0,Malcolm_Miller,4886,20200128,tor,atl,1,19.5,130.0,114.0,1,0.0,2.066666667,1.0,1.0,0.0,0.0,0.0,3500.0,4.0,65.89,-0.37,0,0,0,0,0,0,0,0,1,0,0,0.0,benchPlayer
12.96,Kevin_Love,4074,20200201,cle,gsw,1,20.0,112.0,131.0,0,1.0,29.2,1.0,1.0,36.7,1.0,0.0,6700.0,4.0,63.19,0.86,14,11,5,1,0,1,2,5,13,2,2,-23.740000000000002,advanced
8.53,Derrick_Favors,4280,20200202,nor,hou,0,14.0,109.0,117.0,0,1.0,23.91666667,1.0,1.0,20.7,0.0,0.0,5300.0,4.0,66.62,-0.37,9,11,1,0,0,3,0,4,7,1,1,-12.17,average
1.27,Abdel_Nader,5127,20200131,okc,pho,0,21.0,111.0,107.0,1,0.0,10.86666667,1.0,1.0,4.0,0.0,0.0,3500.0,3.0,63.28,1.15,2,0,0,0,1,1,0,1,3,0,0,-2.73,benchPlayer
12.82,Josh_Hart,5238,20200202,nor,hou,0,14.0,109.0,117.0,0,0.0,29.6,1.0,1.0,31.5,1.0,0.0,4200.0,2.0,66.62,-0.37,16,10,1,1,0,1,3,5,11,3,4,-18.68,advanced
7.91,Michael_Carter-Williams,4575,20200201,orl,mia,1,19.0,89.0,102.0,0,0.0,21.9,1.0,1.0,19.3,0.0,0.0,3800.0,1.0,66.25,0.0,10,4,3,0,0,0,1,3,7,3,4,-11.39,belowAvg
1.19,Goga_Bitadze,5809,20200201,ind,nyk,1,19.0,85.0,92.0,0,0.0,3.516666667,1.0,1.0,2.0,0.0,0.0,3500.0,5.0,63.6,0.76,2,0,0,0,0,0,0,1,3,0,0,-0.81,benchPlayer
9.39,Sviatoslav_Mykhailiuk,5692,20200202,det,den,1,12.5,128.0,123.0,1,1.0,35.28333333,1.0,1.0,25.2,0.0,0.0,3700.0,2.0,61.82,1.91,13,1,4,2,0,1,1,3,9,6,8,-15.809999999999999,average
0.73,Garrison_Mathews,5872,20200106,was,bos,1,19.0,99.0,94.0,1,0.0,3.966666667,1.0,1.0,6.0,0.0,0.0,3500.0,2.0,67.21,-0.86,0,0,2,1,0,0,0,0,1,0,0,-5.27,benchPlayer
0.0,KZ_Okpala,5910,20191210,mia,atl,1,20.0,135.0,121.0,1,0.0,0.816666667,1.0,1.0,0.0,0.0,0.0,3500.0,3.0,67.16,-0.02,0,0,0,0,0,0,0,0,0,0,0,0.0,benchPlayer
0.19,Allen_Crabbe,4561,20200125,min,okc,1,20.0,104.0,113.0,0,0.0,4.05,1.0,1.0,0.2,0.0,0.0,3500.0,2.0,63.37,0.18,0,1,0,0,0,1,0,0,1,0,0,-0.010000000000000009,benchPlayer
6.28,Austin_Rivers,4483,20200202,hou,nor,1,14.0,117.0,109.0,1,0.0,23.61666667,1.0,1.0,19.4,0.0,0.0,4000.0,1.0,66.62,0.19,8,2,2,2,0,0,0,4,12,0,0,-13.119999999999997,belowAvg
6.87,Marc_Gasol,3990,20200128,tor,atl,1,19.5,130.0,114.0,1,1.0,16.48333333,1.0,1.0,18.7,0.0,0.0,5000.0,5.0,65.89,-0.37,10,1,1,0,2,0,2,4,5,0,0,-11.829999999999998,belowAvg
0.0,Terrance_Ferguson,5225,20200117,okc,mia,1,20.0,108.0,115.0,0,1.0,7.3,1.0,1.0,0.0,0.0,0.0,3500.0,2.0,62.87,0.49,0,0,0,0,0,0,0,0,0,0,0,0.0,benchPlayer
7.97,Ryan_Arcidiacono,4962,20200202,chi,tor,0,15.0,102.0,129.0,0,0.0,24.28333333,1.0,1.0,16.2,0.0,0.0,3500.0,1.0,63.1,2.65,12,1,2,0,0,0,3,4,10,1,2,-8.23,belowAvg
6.86,Ryan_Broekhoff,5666,20200201,dal,atl,1,20.5,123.0,100.0,1,0.0,22.53333333,1.0,1.0,18.7,0.0,0.0,3500.0,4.0,65.02,0.14,8,6,1,0,1,1,2,2,5,2,2,-11.84,belowAvg
4.81,D.J._Augustin,4078,20200113,orl,sac,0,22.0,114.0,112.0,1,0.0,24.68333333,1.0,1.0,10.3,0.0,0.0,4600.0,1.0,66.98,-1.38,6,4,1,0,0,2,1,2,7,1,1,-5.490000000000001,belowAvg
4.07,Jacob_Evans_III,5673,20200201,gsw,cle,0,20.0,131.0,112.0,1,0.0,13.76666667,1.0,1.0,10.2,0.0,0.0,3500.0,2.0,63.19,4.07,6,1,0,1,0,0,0,3,3,0,0,-6.129999999999999,belowAvg
2.81,Juan_Hernangomez,4990,20200202,den,det,0,12.5,123.0,128.0,0,0.0,11.7,1.0,1.0,8.5,0.0,0.0,3500.0,3.0,61.82,-6.49,2,5,1,0,0,1,0,0,3,2,2,-5.6899999999999995,benchPlayer
14.37,Reggie_Jackson,4369,20200202,det,den,1,12.5,128.0,123.0,1,0.0,34.15,1.0,1.0,32.6,0.0,0.0,4600.0,1.0,61.82,1.91,20,3,6,0,0,0,2,8,18,2,2,-18.230000000000004,advanced
10.14,Furkan_Korkmaz,5157,20200201,phi,bos,0,20.5,95.0,116.0,0,0.0,25.28333333,1.0,1.0,23.8,0.0,0.0,3900.0,2.0,65.43,-0.31,14,4,2,1,0,1,2,4,9,4,4,-13.66,average
13.52,Ben_McLemore,4589,20200202,hou,nor,1,14.0,117.0,109.0,1,0.0,23.61666667,1.0,1.0,28.0,0.0,0.0,3500.0,2.0,66.62,0.19,22,0,0,2,0,0,4,6,12,6,8,-14.48,average
11.82,Bruno_Fernando,5881,20200126,atl,was,1,18.0,152.0,133.0,1,1.0,19.46666667,1.0,1.0,29.4,1.0,0.0,3800.0,4.0,62.73,0.37,14,12,0,0,1,2,0,7,9,0,0,-17.58,average
14.42,Cody_Zeller,4614,20200201,cha,sas,0,21.0,90.0,114.0,0,1.0,29.96666667,1.0,1.0,48.4,1.0,0.0,4600.0,5.0,64.93,0.64,14,12,8,2,1,1,0,7,10,0,0,-33.98,top
4.05,Jake_Layman,4997,20191118,min,uta,0,21.0,112.0,102.0,1,1.0,13.85,1.0,1.0,10.2,0.0,0.0,4500.0,3.0,46.94,17.01,6,1,0,0,1,0,0,3,6,0,1,-6.1499999999999995,belowAvg
1.78,Jaxson_Hayes,5891,20200202,nor,hou,0,14.0,109.0,117.0,0,0.0,3.5333333330000003,1.0,1.0,4.4,0.0,0.0,3600.0,5.0,66.62,-0.37,2,2,0,0,0,0,0,1,3,0,0,-2.62,benchPlayer
1.79,Frank_Ntilikina,5219,20200128,nyk,cha,0,19.0,92.0,97.0,0,0.0,3.083333333,1.0,1.0,3.0,0.0,0.0,3700.0,1.0,64.1,2.73,3,0,0,0,0,0,1,1,1,0,0,-1.21,benchPlayer
0.46,Kenrich_Williams,5688,20200106,nor,uta,1,20.0,126.0,128.0,0,0.0,9.1,1.0,1.0,4.5,0.0,0.0,3500.0,3.0,67.57,-0.09,0,0,1,1,0,0,0,0,1,0,0,-4.04,benchPlayer
12.13,Garrett_Temple,4199,20200201,bkn,was,0,20.0,107.0,113.0,0,1.0,36.5,1.0,1.0,29.5,0.0,0.0,3800.0,2.0,65.7,1.46,17,5,1,1,1,1,4,6,14,1,1,-17.369999999999997,average
4.98,Terrence_Ross,4549,20200201,orl,mia,1,19.0,89.0,102.0,0,0.0,30.76666667,1.0,1.0,12.6,0.0,0.0,4500.0,2.0,66.25,0.0,6,3,2,0,0,0,1,2,11,1,1,-7.619999999999999,belowAvg
16.43,Aaron_Gordon,4705,20200201,orl,mia,1,19.0,89.0,102.0,0,1.0,34.16666667,1.0,1.0,37.5,0.0,0.0,5600.0,4.0,66.25,0.0,24,5,1,2,0,0,4,9,20,2,3,-21.07,advanced
0.78,Tyson_Chandler,3307,20200118,hou,lal,1,20.5,115.0,124.0,0,0.0,9.75,1.0,1.0,2.6,0.0,0.0,3500.0,5.0,67.03,-0.3,0,3,0,0,0,1,0,0,0,0,0,-1.82,benchPlayer
1.48,TJ_Leaf,5160,20200120,ind,uta,0,21.0,88.0,118.0,0,0.0,2.75,1.0,1.0,3.2,0.0,0.0,3500.0,4.0,48.03,9.86,2,1,0,0,0,0,0,1,1,0,0,-1.7200000000000002,benchPlayer
15.68,Julius_Randle,4680,20200201,nyk,ind,0,19.0,92.0,85.0,1,1.0,34.81666667,1.0,1.0,45.1,1.0,0.0,7800.0,4.0,63.6,2.37,16,18,3,2,0,3,0,5,14,6,8,-29.42,top
0.0,Javonte_Green,5842,20200201,bos,phi,1,20.5,116.0,95.0,1,0.0,3.266666667,1.0,1.0,0.0,0.0,0.0,3900.0,2.0,65.43,1.22,0,0,0,0,0,0,0,0,0,0,0,0.0,benchPlayer
0.0,Carsen_Edwards,5848,20200130,bos,gsw,1,20.0,119.0,104.0,1,0.0,2.983333333,1.0,1.0,0.0,0.0,0.0,3500.0,1.0,68.17,-0.94,0,0,0,0,0,0,0,0,0,0,0,0.0,benchPlayer
5.36,Bobby_Portis,4841,20200201,nyk,ind,0,19.0,92.0,85.0,1,0.0,22.11666667,1.0,1.0,16.9,0.0,0.0,3600.0,5.0,63.6,2.37,5,7,1,0,1,1,1,2,6,0,0,-11.54,belowAvg
6.34,Duncan_Robinson,5681,20200201,mia,orl,0,19.0,102.0,89.0,1,1.0,22.0,1.0,1.0,13.7,0.0,0.0,4300.0,2.0,66.25,0.25,9,1,3,0,0,1,3,3,7,0,0,-7.359999999999999,belowAvg
8.33,Shake_Milton,5703,20200201,phi,bos,0,20.5,95.0,116.0,0,1.0,29.08333333,1.0,1.0,24.8,0.0,0.0,4300.0,1.0,65.43,-0.31,11,4,0,3,0,0,1,3,8,4,4,-16.47,average
1.38,Dwayne_Bacon,5179,20200128,cha,nyk,1,19.0,97.0,92.0,1,0.0,7.45,1.0,1.0,2.2,0.0,0.0,3700.0,2.0,64.1,0.01,2,1,0,0,0,1,0,1,3,0,0,-0.8200000000000003,benchPlayer
0.16,Rodions_Kurucs,5735,20200131,bkn,chi,1,19.5,133.0,118.0,1,0.0,2.316666667,1.0,1.0,0.5,0.0,0.0,3700.0,4.0,67.71,-0.55,0,0,1,0,0,1,0,0,0,0,0,-0.33999999999999997,benchPlayer
10.96,Chris_Boucher,5117,20200202,tor,chi,1,15.0,129.0,102.0,1,0.0,24.51666667,1.0,1.0,27.5,0.0,0.0,4300.0,4.0,63.1,1.34,15,5,1,2,0,1,1,5,10,4,4,-16.54,average
5.84,Ersan_Ilyasova,3765,20200202,mil,pho,1,14.0,129.0,108.0,1,0.0,14.33333333,1.0,1.0,11.8,0.0,0.0,3600.0,4.0,62.28,1.4,8,4,0,0,0,1,2,3,9,0,0,-5.960000000000001,belowAvg
13.84,Marvin_Bagley,5714,20200120,sac,mia,0,17.0,113.0,118.0,0,1.0,38.4,1.0,1.0,37.0,1.0,0.0,5100.0,4.0,66.89,-7.18,15,15,2,1,0,2,0,7,13,1,1,-23.16,advanced
3.06,Jarred_Vanderbilt,5778,20200202,den,det,0,12.5,123.0,128.0,0,0.0,5.083333333,1.0,1.0,11.2,0.0,0.0,3500.0,3.0,61.82,-6.49,4,1,0,1,1,0,0,2,2,0,0,-8.139999999999999,belowAvg
23.54,Karl-Anthony_Towns,4879,20200201,min,lac,0,15.5,106.0,118.0,0,1.0,36.3,1.0,1.0,53.9,1.0,0.0,10100.0,5.0,66.94,-3.38,32,12,3,0,1,0,2,0,0,8,11,-30.36,top
5.66,Reggie_Bullock,4654,20200201,nyk,ind,0,19.0,92.0,85.0,1,1.0,24.8,1.0,1.0,12.8,0.0,0.0,3800.0,2.0,63.6,2.37,7,4,2,0,0,2,1,2,7,2,2,-7.140000000000001,belowAvg
2.79,Anthony_Tolliver,4049,20200201,sac,lal,1,22.0,113.0,129.0,0,0.0,10.1,1.0,1.0,10.0,0.0,0.0,3500.0,4.0,67.12,-0.28,4,0,0,2,0,0,1,1,2,1,2,-7.21,benchPlayer
14.77,Joe_Harris,4733,20200201,bkn,was,0,20.0,107.0,113.0,0,1.0,30.33333333,1.0,1.0,30.1,0.0,0.0,4400.0,3.0,65.7,1.46,22,3,3,0,0,0,6,8,16,0,0,-15.330000000000002,advanced
0.1,Tyrone_Wallace,5231,20191204,atl,bkn,1,19.5,118.0,130.0,0,0.0,3.95,1.0,1.0,2.0,0.0,0.0,3500.0,1.0,62.46,0.45,0,0,0,1,0,1,0,0,2,0,0,-1.9,benchPlayer
7.29,Markieff_Morris,4453,20200131,det,tor,1,19.0,92.0,105.0,0,0.0,18.66666667,1.0,1.0,19.2,0.0,0.0,3900.0,3.0,64.97,0.32,9,6,0,0,1,0,1,2,7,4,6,-11.91,belowAvg
20.58,Brandon_Ingram,4965,20200202,nor,hou,0,14.0,109.0,117.0,0,1.0,38.18333333,1.0,1.0,42.9,1.0,0.0,7700.0,3.0,66.62,-0.37,28,12,3,0,0,4,5,0,0,3,3,-22.32,top
0.0,Vic_Law,5827,20200127,orl,mia,0,19.5,92.0,113.0,0,0.0,2.516666667,1.0,1.0,0.0,0.0,0.0,3500.0,3.0,66.34,0.03,0,0,0,0,0,0,0,0,1,0,2,0.0,benchPlayer
0.47,James_Ennis,4697,20200201,phi,bos,0,20.5,95.0,116.0,0,0.0,3.8,1.0,1.0,4.2,0.0,0.0,3500.0,3.0,65.43,-0.31,0,1,0,0,1,0,0,0,0,0,0,-3.7300000000000004,benchPlayer
7.42,Ian_Mahinmi,3777,20200201,was,bkn,1,20.0,113.0,107.0,1,1.0,22.15,1.0,1.0,27.7,0.0,0.0,4300.0,5.0,65.7,0.86,8,6,1,1,3,1,0,4,9,0,0,-20.28,average
4.46,Gary_Trent_Jr.,5663,20200201,por,uta,1,22.5,124.0,107.0,1,0.0,24.36666667,1.0,1.0,8.2,0.0,0.0,4000.0,2.0,67.71,-0.36,7,1,0,0,0,0,1,3,9,0,0,-3.7399999999999993,benchPlayer
5.69,Damyean_Dotson,5222,20200201,nyk,ind,0,19.0,92.0,85.0,1,0.0,27.21666667,1.0,1.0,14.2,0.0,0.0,3600.0,2.0,63.6,2.37,8,1,2,1,0,1,2,3,8,0,0,-8.509999999999998,belowAvg
3.67,T.J._Warren,4724,20200201,ind,nyk,1,19.0,85.0,92.0,0,1.0,23.26666667,1.0,1.0,12.2,0.0,0.0,5900.0,3.0,63.6,0.76,5,1,0,2,0,0,0,2,5,1,2,-8.53,belowAvg
10.15,Jerami_Grant,4765,20200202,den,det,0,12.5,123.0,128.0,0,1.0,45.08333333,1.0,1.0,29.8,0.0,0.0,6400.0,4.0,61.82,-6.49,14,4,0,1,3,1,2,5,11,2,2,-19.65,average
10.02,Otto_Porter,4653,20191106,chi,atl,0,19.5,113.0,93.0,1,1.0,11.81666667,1.0,1.0,29.8,0.0,0.0,5000.0,3.0,63.92,1.0,13,4,2,2,1,0,3,5,6,0,0,-19.78,average
1.75,Nigel_Williams-Goss,5833,20200108,uta,nyk,1,21.0,128.0,104.0,1,0.0,3.6,1.0,1.0,4.7,0.0,0.0,3500.0,1.0,46.8,8.24,2,1,1,0,0,0,0,1,2,0,0,-2.95,benchPlayer
1.05,Darius_Bazley,5915,20200131,okc,pho,0,21.0,111.0,107.0,1,0.0,12.8,1.0,1.0,6.9,0.0,0.0,3500.0,3.0,63.28,1.15,0,2,1,1,0,0,0,0,2,0,0,-5.8500000000000005,benchPlayer
9.1,Markelle_Fultz,5131,20200201,orl,mia,1,19.0,89.0,102.0,0,1.0,30.91666667,1.0,1.0,23.8,0.0,0.0,5500.0,1.0,66.25,0.0,11,4,6,1,0,4,0,4,8,3,3,-14.700000000000001,average
1.05,Rodney_Hood,4744,20191206,por,lal,1,22.5,113.0,136.0,0,1.0,8.55,1.0,1.0,6.9,0.0,0.0,4100.0,3.0,65.7,0.39,0,2,1,1,0,0,0,0,1,0,0,-5.8500000000000005,benchPlayer
0.29,Miye_Oni,5836,20191207,uta,mem,1,22.0,126.0,112.0,1,0.0,3.883333333,1.0,1.0,1.2,0.0,0.0,3500.0,2.0,47.39,1.53,0,1,0,0,0,0,0,0,0,0,0,-0.9099999999999999,benchPlayer
13.17,Brook_Lopez,4075,20200202,mil,pho,1,14.0,129.0,108.0,1,1.0,32.88333333,1.0,1.0,50.3,0.0,0.0,5000.0,5.0,62.28,1.4,17,4,1,0,9,0,1,7,16,2,2,-37.129999999999995,top
9.11,Damian_Jones,4933,20200201,atl,dal,0,20.5,100.0,123.0,0,1.0,30.65,1.0,1.0,32.9,0.0,0.0,3800.0,5.0,65.02,-1.05,8,12,1,2,1,0,0,3,6,2,2,-23.79,advanced
9.17,Myles_Turner,4781,20200201,ind,nyk,1,19.0,85.0,92.0,0,1.0,33.63333333,1.0,1.0,21.7,0.0,0.0,5200.0,5.0,63.6,0.76,12,6,1,1,0,2,4,4,5,0,0,-12.53,average
8.6,Evan_Fournier,4468,20200201,orl,mia,1,19.0,89.0,102.0,0,1.0,33.73333333,1.0,1.0,22.2,0.0,0.0,5200.0,2.0,66.25,0.0,12,1,4,2,0,3,2,3,13,4,4,-13.6,average
0.0,Jerome_Robinson,5691,20200201,lac,min,1,15.5,118.0,106.0,1,0.0,2.233333333,1.0,1.0,0.0,0.0,0.0,3500.0,1.0,66.94,-0.42,0,0,0,0,0,0,0,0,0,0,0,0.0,benchPlayer
16.79,Hassan_Whiteside,4324,20200201,por,uta,1,22.5,124.0,107.0,1,1.0,34.78333333,1.0,1.0,52.2,1.0,0.0,8500.0,5.0,67.71,-0.36,17,21,0,1,3,2,0,7,10,3,6,-35.410000000000004,top
1.72,Chimezie_Metu,5680,20200201,sas,cha,1,21.0,114.0,90.0,1,0.0,1.95,1.0,1.0,5.0,0.0,0.0,3500.0,5.0,64.93,-0.36,2,0,2,0,0,0,0,0,0,2,2,-3.2800000000000002,benchPlayer
6.17,Troy_Brown_Jr.,5699,20200201,was,bkn,1,20.0,113.0,107.0,1,0.0,26.81666667,1.0,1.0,14.6,0.0,0.0,5000.0,3.0,65.7,0.86,8,3,2,0,0,0,0,4,11,0,1,-8.43,belowAvg
4.03,Torrey_Craig,5204,20200202,den,det,0,12.5,123.0,128.0,0,1.0,18.95,1.0,1.0,11.6,0.0,0.0,3900.0,2.0,61.82,-6.49,5,3,0,0,1,0,1,2,3,0,1,-7.569999999999999,belowAvg
1.19,Tacko_Fall,5845,20200201,bos,phi,1,20.5,116.0,95.0,1,0.0,2.5333333330000003,1.0,1.0,2.0,0.0,0.0,3500.0,5.0,65.43,1.22,2,0,0,0,0,0,0,1,1,0,0,-0.81,benchPlayer
3.96,Alen_Smailagic,5814,20200114,gsw,dal,1,22.5,97.0,124.0,0,0.0,11.96666667,1.0,1.0,9.7,0.0,0.0,3500.0,4.0,67.62,-0.69,5,1,3,0,0,1,0,2,3,1,1,-5.739999999999999,benchPlayer
13.87,Pascal_Siakam,4929,20200202,tor,chi,1,15.0,129.0,102.0,1,1.0,27.98333333,1.0,1.0,33.3,0.0,0.0,8500.0,3.0,63.1,1.34,17,9,5,0,0,2,0,6,14,5,5,-19.43,advanced
1.65,Wes_Matthews,4164,20200202,mil,pho,1,14.0,129.0,108.0,1,1.0,13.98333333,1.0,1.0,3.7,0.0,0.0,3600.0,2.0,62.28,1.4,2,1,1,0,0,1,0,0,3,2,2,-2.0500000000000003,benchPlayer
5.47,RJ_Barrett,5878,20200116,nyk,pho,1,19.5,98.0,121.0,0,1.0,14.16666667,1.0,1.0,12.6,0.0,0.0,5900.0,2.0,66.89,-0.59,7,3,2,0,0,1,1,2,8,2,4,-7.13,belowAvg
0.63,Chandler_Parsons,4461,20191227,atl,mil,1,19.5,86.0,112.0,0,0.0,10.95,1.0,1.0,4.7,0.0,0.0,3500.0,3.0,63.6,0.68,0,1,1,0,1,1,0,0,4,0,0,-4.07,benchPlayer
11.24,Jevon_Carter,5726,20200202,pho,mil,0,14.0,108.0,129.0,0,0.0,27.36666667,1.0,1.0,31.8,0.0,0.0,3500.0,1.0,62.28,0.98,15,4,2,3,0,0,3,6,10,0,0,-20.560000000000002,advanced
3.24,Amir_Coffey,5800,20200104,lac,mem,1,15.5,114.0,140.0,0,0.0,4.433333333,1.0,1.0,6.5,0.0,0.0,3500.0,4.0,67.3,-0.69,5,0,1,0,0,0,1,2,3,0,0,-3.26,benchPlayer
7.33,Devonte'_Graham,5658,20200201,cha,sas,0,21.0,90.0,114.0,0,1.0,37.16666667,1.0,1.0,23.7,0.0,0.0,6600.0,2.0,64.93,0.64,8,1,9,2,0,5,2,3,11,0,0,-16.369999999999997,average
0.59,Daniel_Gafford,5894,20200202,chi,tor,0,15.0,102.0,129.0,0,0.0,9.066666667,1.0,1.0,-0.8,0.0,0.0,4300.0,4.0,63.1,2.65,1,1,0,0,0,3,0,0,1,1,2,1.3900000000000001,benchPlayer
10.37,De'Andre_Hunter,5879,20200130,atl,phi,1,19.5,127.0,117.0,1,1.0,36.46666667,1.0,1.0,21.4,0.0,0.0,4500.0,3.0,63.33,0.64,15,2,4,0,0,2,2,6,12,1,2,-11.03,average
9.66,Malcolm_Brogdon,5013,20200201,ind,nyk,1,19.0,85.0,92.0,0,1.0,33.25,1.0,1.0,31.4,0.0,0.0,6800.0,1.0,63.6,0.76,8,7,12,0,0,3,0,4,13,0,1,-21.74,advanced
7.75,Tristan_Thompson,4380,20200201,cle,gsw,1,20.0,112.0,131.0,0,1.0,26.31666667,1.0,1.0,27.7,0.0,0.0,4900.0,5.0,63.19,0.86,6,11,3,1,1,2,0,3,9,0,0,-19.95,average
14.91,Zach_LaVine,4706,20200202,chi,tor,0,15.0,102.0,129.0,0,1.0,33.43333333,1.0,1.0,42.9,0.0,0.0,8100.0,2.0,63.1,2.65,18,7,7,3,0,3,0,6,10,6,8,-27.99,top
10.55,Eric_Paschall,5815,20200201,gsw,cle,0,20.0,131.0,112.0,1,0.0,22.16666667,1.0,1.0,20.4,0.0,0.0,4100.0,4.0,63.19,4.07,16,2,2,0,0,1,0,5,8,6,6,-9.849999999999998,average
13.79,Jarrett_Allen,5139,20200201,bkn,was,0,20.0,107.0,113.0,0,1.0,26.96666667,1.0,1.0,44.5,1.0,0.0,6200.0,4.0,65.7,1.46,13,15,5,0,2,0,0,5,6,3,7,-30.71,top
5.39,Kyle_Korver,3547,20200202,mil,pho,1,14.0,129.0,108.0,1,0.0,18.93333333,1.0,1.0,10.2,0.0,0.0,3600.0,2.0,62.28,1.4,8,1,2,0,0,2,2,3,5,0,0,-4.81,belowAvg
5.7,Lonnie_Walker,5756,20200201,sas,cha,1,21.0,114.0,90.0,1,0.0,19.26666667,1.0,1.0,18.6,0.0,0.0,3500.0,2.0,64.93,-0.36,6,3,4,1,0,0,0,3,6,0,0,-12.900000000000002,belowAvg
0.0,Frank_Kaminsky,4778,20191228,pho,sac,0,21.0,112.0,110.0,1,0.0,6.8,1.0,1.0,0.0,0.0,0.0,3700.0,4.0,66.98,-2.91,0,0,0,0,0,0,0,0,1,0,0,0.0,benchPlayer
1.68,Maurice_Harkless,4530,20200201,lac,min,1,15.5,118.0,106.0,1,1.0,15.91666667,1.0,1.0,3.4,0.0,0.0,3800.0,3.0,66.94,-0.42,2,2,0,0,0,1,0,1,1,0,0,-1.72,benchPlayer
17.16,Danilo_Gallinari,4082,20200131,okc,pho,0,21.0,111.0,107.0,1,1.0,32.28333333,1.0,1.0,30.8,0.0,0.0,6200.0,3.0,63.28,1.15,27,4,0,0,0,1,1,9,17,8,9,-13.64,advanced
1.09,Charlie_Brown,5882,20200201,atl,dal,0,20.5,100.0,123.0,0,0.0,3.3,1.0,1.0,1.0,0.0,0.0,3500.0,2.0,65.02,-1.05,2,0,0,0,0,1,0,1,2,0,0,0.09000000000000008,benchPlayer
2.48,Edmond_Sumner,5144,20200126,ind,por,0,21.0,129.0,139.0,0,0.0,7.85,1.0,1.0,3.2,0.0,0.0,3500.0,1.0,66.94,-3.6,4,1,0,0,0,2,0,2,4,0,0,-0.7200000000000002,benchPlayer
7.35,Jordan_Clarkson,4668,20200201,uta,por,0,22.5,107.0,124.0,0,0.0,22.68333333,1.0,1.0,12.2,0.0,0.0,4500.0,2.0,67.71,-15.62,12,1,0,0,0,1,4,4,14,0,0,-4.85,belowAvg
0.48,Hamidou_Diallo,5737,20200131,okc,pho,0,21.0,111.0,107.0,1,0.0,11.33333333,1.0,1.0,1.4,0.0,0.0,3500.0,2.0,63.28,1.15,0,2,0,0,0,1,0,0,3,0,0,-0.9199999999999999,benchPlayer
0.0,Max_Strus,5847,20191129,chi,por,0,22.0,103.0,107.0,0,0.0,1.316666667,1.0,1.0,0.0,0.0,0.0,3500.0,3.0,66.07,-2.3,0,0,0,0,0,0,0,0,0,0,0,0.0,benchPlayer
7.91,Terry_Rozier,4823,20200201,cha,sas,0,21.0,90.0,114.0,0,1.0,34.96666667,1.0,1.0,17.5,0.0,0.0,6900.0,1.0,64.93,0.64,10,5,3,0,0,3,2,3,12,2,2,-9.59,belowAvg
4.66,Rui_Hachimura,5868,20191216,was,det,0,19.0,133.0,119.0,1,1.0,17.01666667,1.0,1.0,8.4,0.0,0.0,6800.0,4.0,64.38,1.0,7,2,0,0,0,1,0,3,4,1,1,-3.74,benchPlayer
9.6,P.J._Washington,5854,20200130,cha,was,0,19.0,107.0,121.0,0,1.0,22.68333333,1.0,1.0,19.7,0.0,0.0,5300.0,4.0,67.94,-3.83,15,1,1,1,0,1,0,7,10,1,4,-10.1,belowAvg
21.18,Kawhi_Leonard,4404,20200201,lac,min,1,15.5,118.0,106.0,1,1.0,23.56666667,1.0,1.0,43.2,0.0,0.0,10400.0,4.0,66.94,-0.42,31,6,4,0,0,1,4,9,21,9,10,-22.020000000000003,top
1.73,Caleb_Swanigan,5178,20200201,por,uta,1,22.5,124.0,107.0,1,0.0,12.98333333,1.0,1.0,8.2,0.0,0.0,3500.0,4.0,67.71,-0.36,0,6,0,0,1,2,0,0,0,0,0,-6.469999999999999,benchPlayer
12.87,Michael_Porter,5698,20200131,den,mil,0,21.0,127.0,115.0,1,0.0,25.13333333,1.0,1.0,37.7,1.0,0.0,4800.0,4.0,64.88,-13.4,15,11,1,1,2,1,1,5,11,4,4,-24.830000000000005,advanced
10.43,Kemba_Walker,4440,20200130,bos,gsw,1,20.0,119.0,104.0,1,1.0,31.0,1.0,1.0,29.3,0.0,0.0,7900.0,1.0,68.17,-0.94,13,4,5,2,0,2,2,5,13,1,2,-18.87,average
2.01,John_Konchar,5839,20200131,mem,nor,0,20.0,111.0,139.0,0,0.0,8.333333332999999,1.0,1.0,6.2,0.0,0.0,3500.0,2.0,67.16,-1.3,2,1,2,0,0,0,0,1,2,0,0,-4.19,benchPlayer
5.2,Mike_Scott,4488,20200201,phi,bos,0,20.5,95.0,116.0,0,0.0,17.33333333,1.0,1.0,12.5,0.0,0.0,3500.0,4.0,65.43,-0.31,6,5,1,0,0,1,0,2,6,2,2,-7.3,belowAvg
2.64,Nicolo_Melli,5889,20200202,nor,hou,0,14.0,109.0,117.0,0,0.0,12.15,1.0,1.0,11.8,0.0,0.0,3500.0,4.0,66.62,-0.37,2,4,0,1,1,1,0,1,4,0,0,-9.16,belowAvg
2.78,Dwight_Howard,3639,20200201,lal,sac,0,22.0,129.0,113.0,1,0.0,18.33333333,1.0,1.0,14.8,0.0,0.0,4700.0,5.0,67.12,-0.68,0,9,0,0,2,2,0,0,1,0,0,-12.020000000000001,belowAvg
2.54,Elie_Okobo,5711,20200202,pho,mil,0,14.0,108.0,129.0,0,1.0,26.21666667,1.0,1.0,10.2,0.0,0.0,3500.0,2.0,62.28,0.98,2,1,4,1,0,2,0,1,4,0,0,-7.659999999999999,belowAvg
15.26,D'Angelo_Russell,4799,20200201,gsw,cle,0,20.0,131.0,112.0,1,1.0,28.91666667,1.0,1.0,37.4,0.0,0.0,7600.0,2.0,63.19,4.07,19,7,8,0,0,2,6,6,14,1,2,-22.14,advanced
22.19,Devin_Booker,4885,20200202,pho,mil,0,14.0,108.0,129.0,0,1.0,33.78333333,1.0,1.0,44.4,0.0,0.0,8900.0,2.0,62.28,0.98,32,7,6,0,0,5,2,9,15,0,0,-22.209999999999997,top
5.23,Gary_Payton,4976,20200201,was,bkn,1,20.0,113.0,107.0,1,1.0,21.61666667,1.0,1.0,23.5,0.0,0.0,3500.0,2.0,65.7,0.86,4,5,3,3,0,0,0,2,7,0,1,-18.27,average
5.24,Kelan_Martin,5934,20200201,min,lac,0,15.5,106.0,118.0,0,0.0,15.58333333,1.0,1.0,11.8,0.0,0.0,3500.0,3.0,66.94,-3.38,7,4,0,1,0,3,0,1,5,5,5,-6.5600000000000005,belowAvg
15.23,Mike_Conley,3979,20200201,uta,por,0,22.5,107.0,124.0,0,1.0,30.01666667,1.0,1.0,31.8,0.0,0.0,3700.0,1.0,67.71,-15.62,22,4,4,0,0,1,4,9,20,0,0,-16.57,advanced
34.23,Damian_Lillard,4523,20200201,por,uta,1,22.5,124.0,107.0,1,1.0,36.31666667,1.0,1.0,73.4,1.0,0.0,10200.0,1.0,67.71,-0.36,51,2,12,1,0,1,9,0,0,8,8,-39.17000000000001,top
8.4,Patty_Mills,4245,20200201,sas,cha,1,21.0,114.0,90.0,1,0.0,18.65,1.0,1.0,26.2,0.0,0.0,4100.0,1.0,64.93,-0.36,11,1,4,3,0,1,3,4,11,0,0,-17.799999999999997,average
7.29,Ricky_Rubio,4414,20200131,pho,okc,1,21.0,107.0,111.0,0,1.0,29.58333333,1.0,1.0,23.9,0.0,0.0,5500.0,1.0,63.28,-0.02,8,2,7,2,0,3,1,2,8,3,4,-16.61,average
1.43,Khem_Birch,4696,20200201,orl,mia,1,19.0,89.0,102.0,0,1.0,16.53333333,1.0,1.0,6.3,0.0,0.0,3800.0,4.0,66.25,0.0,0,4,1,0,0,0,0,0,1,0,0,-4.87,benchPlayer
0.19,Frank_Jackson,5168,20200131,nor,mem,1,20.0,139.0,111.0,1,0.0,6.416666667,1.0,1.0,0.2,0.0,0.0,3500.0,1.0,67.16,-0.91,0,1,0,0,0,1,0,0,1,0,0,-0.010000000000000009,benchPlayer
10.32,Fred_VanVleet,4934,20200202,tor,chi,1,15.0,129.0,102.0,1,1.0,32.21666667,1.0,1.0,28.8,0.0,0.0,7300.0,2.0,63.1,1.34,12,4,8,1,0,3,2,5,11,0,0,-18.48,average
0.2,Amile_Jefferson,5210,20200127,orl,mia,0,19.5,92.0,113.0,0,0.0,2.516666667,1.0,1.0,3.0,0.0,0.0,3500.0,4.0,66.34,0.03,0,0,0,1,0,0,0,0,0,0,0,-2.8,benchPlayer
0.0,Jared_Harper,5923,20200202,pho,mil,0,14.0,108.0,129.0,0,0.0,2.35,1.0,1.0,0.0,0.0,0.0,3500.0,1.0,62.28,0.98,0,0,0,0,0,0,0,0,1,0,0,0.0,benchPlayer
0.29,Vlatko_Cancar,5941,20200124,den,nor,0,20.0,113.0,106.0,1,0.0,1.083333333,1.0,1.0,1.2,0.0,0.0,3500.0,3.0,67.3,-7.32,0,1,0,0,0,0,0,0,1,0,0,-0.9099999999999999,benchPlayer
3.55,Ed_Davis,4276,20200201,uta,por,0,22.5,107.0,124.0,0,0.0,13.28333333,1.0,1.0,8.8,0.0,0.0,3500.0,4.0,67.71,-15.62,4,4,0,0,0,0,0,2,2,0,0,-5.250000000000001,benchPlayer
3.12,Harrison_Barnes,4502,20200201,sac,lal,1,22.0,113.0,129.0,0,1.0,29.03333333,1.0,1.0,12.2,0.0,0.0,4100.0,3.0,67.12,-0.28,2,6,0,0,1,0,0,1,8,0,0,-9.079999999999998,belowAvg
13.88,Jonas_Valanciunas,4497,20200131,mem,nor,0,20.0,111.0,139.0,0,1.0,26.73333333,1.0,1.0,41.6,0.0,0.0,7000.0,5.0,67.16,-1.3,18,8,0,1,4,1,1,8,13,1,1,-27.72,top
1.48,Juwan_Morgan,5835,20200201,uta,por,0,22.5,107.0,124.0,0,0.0,2.65,1.0,1.0,3.2,0.0,0.0,3500.0,4.0,67.71,-15.62,2,1,0,0,0,0,0,1,1,0,0,-1.7200000000000002,benchPlayer
11.47,Aaron_Holiday,5747,20200126,ind,por,0,21.0,129.0,139.0,0,0.0,26.68333333,1.0,1.0,24.2,0.0,0.0,4100.0,1.0,66.94,-3.6,17,1,4,0,0,0,3,7,11,0,0,-12.729999999999999,average
0.0,Zhaire_Smith,5779,20200201,phi,bos,0,20.5,95.0,116.0,0,0.0,3.266666667,1.0,1.0,0.0,0.0,0.0,3500.0,2.0,65.43,-0.31,0,0,0,0,0,0,0,0,1,0,0,0.0,benchPlayer
0.29,Jarrell_Brantley,5834,20200201,uta,por,0,22.5,107.0,124.0,0,0.0,2.65,1.0,1.0,1.2,0.0,0.0,3500.0,3.0,67.71,-15.62,0,1,0,0,0,0,0,0,0,0,0,-0.9099999999999999,benchPlayer
7.01,Ivica_Zubac,4924,20200201,lac,min,1,15.5,118.0,106.0,1,1.0,19.41666667,1.0,1.0,24.5,0.0,0.0,4100.0,5.0,66.94,-0.42,6,10,1,0,2,1,0,2,4,2,2,-17.490000000000002,average
3.23,DeAndre_Bembry,5001,20200120,atl,tor,1,14.5,117.0,122.0,0,0.0,17.26666667,1.0,1.0,13.1,0.0,0.0,3900.0,2.0,64.2,-0.56,3,3,1,2,0,1,0,1,4,1,2,-9.87,belowAvg
7.34,Tyus_Jones,4876,20200131,mem,nor,0,20.0,111.0,139.0,0,0.0,21.25,1.0,1.0,20.7,0.0,0.0,3800.0,1.0,67.16,-1.3,10,1,3,2,0,1,0,5,9,0,0,-13.36,average
10.42,Brad_Wanamaker,5659,20200201,bos,phi,1,20.5,116.0,95.0,1,0.0,26.11666667,1.0,1.0,26.7,0.0,0.0,3500.0,1.0,65.43,1.22,15,1,3,2,0,0,2,5,9,3,4,-16.28,average
1.87,Isaiah_Hartenstein,5746,20200127,hou,uta,0,21.0,126.0,117.0,1,0.0,5.933333332999999,1.0,1.0,3.6,0.0,0.0,3700.0,4.0,48.72,8.12,2,3,0,0,0,2,0,1,1,0,0,-1.73,benchPlayer
7.93,Christian_Wood,4834,20200202,det,den,1,12.5,128.0,123.0,1,0.0,16.48333333,1.0,1.0,19.8,0.0,0.0,4500.0,4.0,61.82,1.91,11,4,0,2,0,2,1,5,10,0,0,-11.870000000000001,belowAvg
4.03,Grant_Williams,5846,20200201,bos,phi,1,20.5,116.0,95.0,1,0.0,19.2,1.0,1.0,11.6,0.0,0.0,3800.0,4.0,65.43,1.22,5,3,0,0,1,0,0,2,3,1,2,-7.569999999999999,belowAvg
1.19,Trey_Burke,4615,20200201,phi,bos,0,20.5,95.0,116.0,0,0.0,5.083333333,1.0,1.0,2.0,0.0,0.0,3500.0,1.0,65.43,-0.31,2,0,0,0,0,0,0,1,4,0,0,-0.81,benchPlayer
4.37,Nicolas_Claxton,5813,20200126,bkn,nyk,0,18.0,97.0,110.0,0,0.0,13.76666667,1.0,1.0,13.0,0.0,0.0,4000.0,4.0,65.52,0.4,4,5,2,0,0,0,0,1,1,2,4,-8.629999999999999,belowAvg
6.89,Jaren_Jackson,5731,20200129,mem,nyk,0,19.5,127.0,106.0,1,1.0,19.33333333,1.0,1.0,15.9,0.0,0.0,6400.0,4.0,66.98,-2.05,10,2,1,0,1,1,2,4,12,0,0,-9.010000000000002,belowAvg
1.17,Gary_Clark,5724,20200201,orl,mia,1,19.0,89.0,102.0,0,0.0,11.0,1.0,1.0,4.8,0.0,0.0,3500.0,4.0,66.25,0.0,0,4,0,0,0,0,0,0,2,0,0,-3.63,benchPlayer
0.0,Kevin_Hervey,5956,20200127,okc,dal,1,20.0,97.0,107.0,0,0.0,0.6333333329999999,1.0,1.0,0.0,0.0,0.0,3500.0,3.0,62.69,0.33,0,0,0,0,0,0,0,0,1,0,0,0.0,benchPlayer
6.94,Steven_Adams,4574,20200131,okc,pho,0,21.0,111.0,107.0,1,1.0,22.85,1.0,1.0,22.0,0.0,0.0,5300.0,5.0,63.28,1.15,8,5,2,2,1,4,0,4,6,0,0,-15.059999999999999,average
3.35,Jordan_Poole,5816,20200201,gsw,cle,0,20.0,131.0,112.0,1,0.0,12.51666667,1.0,1.0,10.1,0.0,0.0,3500.0,2.0,63.19,4.07,3,3,3,0,0,1,1,1,4,0,0,-6.75,belowAvg
1.48,Keldon_Johnson,5826,20200201,sas,cha,1,21.0,114.0,90.0,1,0.0,1.95,1.0,1.0,3.2,0.0,0.0,3500.0,3.0,64.93,-0.36,2,1,0,0,0,0,0,1,1,0,0,-1.7200000000000002,benchPlayer
4.71,Caris_LeVert,4992,20200201,bkn,was,0,20.0,107.0,113.0,0,0.0,19.01666667,1.0,1.0,11.1,0.0,0.0,4000.0,2.0,65.7,1.46,6,3,1,0,0,0,1,2,9,1,2,-6.39,belowAvg
4.77,Matisse_Thybulle,5906,20200201,phi,bos,0,20.5,95.0,116.0,0,0.0,23.5,1.0,1.0,8.0,0.0,0.0,4100.0,3.0,65.43,-0.31,8,0,0,0,0,0,2,3,5,0,0,-3.2300000000000004,benchPlayer
10.76,Alec_Burks,4441,20200201,gsw,cle,0,20.0,131.0,112.0,1,0.0,23.78333333,1.0,1.0,27.1,0.0,0.0,4700.0,3.0,63.19,4.07,15,3,3,0,2,2,3,4,10,4,4,-16.340000000000003,average
4.21,T.J._McConnell,4831,20200201,ind,nyk,1,19.0,85.0,92.0,0,0.0,14.75,1.0,1.0,12.6,0.0,0.0,4200.0,1.0,63.6,0.76,4,3,4,0,0,1,0,1,2,2,2,-8.39,belowAvg
19.26,Jalen_Brunson,5664,20200201,dal,atl,1,20.5,123.0,100.0,1,1.0,27.28333333,1.0,1.0,42.8,0.0,0.0,5000.0,1.0,65.02,0.14,27,4,8,0,0,1,2,0,0,1,1,-23.539999999999996,top
25.47,Giannis_Antetokounmpo,4621,20200202,mil,pho,1,14.0,129.0,108.0,1,1.0,30.56666667,1.0,1.0,65.3,1.0,0.0,11600.0,3.0,62.28,1.4,30,19,9,1,1,7,1,0,0,9,16,-39.83,top
6.04,E'Twaun_Moore,4364,20200202,nor,hou,0,14.0,109.0,117.0,0,0.0,14.41666667,1.0,1.0,12.0,0.0,0.0,3500.0,3.0,66.62,-0.37,10,0,0,0,1,1,0,5,8,0,0,-5.96,belowAvg
4.43,OG_Anunoby,5241,20200202,tor,chi,1,15.0,129.0,102.0,1,1.0,21.05,1.0,1.0,13.4,0.0,0.0,4300.0,3.0,63.1,1.34,4,7,0,1,0,2,0,2,3,0,0,-8.97,belowAvg
1.78,Tariq_Owens,5926,20200202,pho,mil,0,14.0,108.0,129.0,0,0.0,7.05,1.0,1.0,4.4,0.0,0.0,3500.0,5.0,62.28,0.98,2,2,0,0,0,0,0,1,4,0,0,-2.62,benchPlayer
8.9,Bam_Adebayo,5159,20200201,mia,orl,0,19.0,102.0,89.0,1,1.0,38.16666667,1.0,1.0,47.3,0.0,0.0,8000.0,4.0,66.25,0.25,4,14,5,3,4,2,0,1,8,2,4,-38.4,top
6.26,Mikal_Bridges,5712,20200202,pho,mil,0,14.0,108.0,129.0,0,1.0,30.81666667,1.0,1.0,24.3,0.0,0.0,4800.0,3.0,62.28,0.98,7,4,1,2,2,1,0,2,9,3,4,-18.04,average
9.67,Davis_Bertans,4989,20200201,was,bkn,1,20.0,113.0,107.0,1,0.0,30.18333333,1.0,1.0,28.9,0.0,0.0,5300.0,4.0,65.7,0.86,11,7,3,1,1,1,3,3,7,2,2,-19.229999999999997,average
0.0,Matthew_Mooney,5840,20200128,cle,nor,1,19.5,111.0,125.0,0,0.0,1.6333333330000002,1.0,1.0,0.0,0.0,0.0,3500.0,1.0,64.38,-0.36,0,0,0,0,0,0,0,0,0,0,0,0.0,benchPlayer
6.71,Kelly_Olynyk,4583,20200127,mia,orl,1,19.5,113.0,92.0,1,0.0,24.76666667,1.0,1.0,23.6,0.0,0.0,3700.0,5.0,66.34,0.32,8,3,2,0,3,0,0,2,6,4,5,-16.89,average
16.34,Bruce_Brown,5738,20200202,det,den,1,12.5,128.0,123.0,1,0.0,37.95,1.0,1.0,43.0,1.0,0.0,4300.0,2.0,61.82,1.91,19,10,8,0,0,0,3,7,10,2,2,-26.66,top
0.58,Courtney_Lee,4110,20200114,dal,gsw,0,22.5,124.0,97.0,1,0.0,8.2,1.0,1.0,2.4,0.0,0.0,3500.0,2.0,67.62,-3.63,0,2,0,0,0,0,0,0,1,0,0,-1.8199999999999998,benchPlayer
2.34,Shaquille_Harrison,5249,20200202,chi,tor,0,15.0,102.0,129.0,0,0.0,4.433333333,1.0,1.0,10.9,0.0,0.0,3500.0,1.0,63.1,2.65,2,2,1,2,0,1,0,0,2,2,2,-8.56,belowAvg
6.99,Eric_Gordon,4077,20200202,hou,nor,1,14.0,117.0,109.0,1,1.0,33.15,1.0,1.0,25.2,0.0,0.0,4900.0,3.0,66.62,0.19,9,1,2,4,0,0,1,4,12,0,0,-18.21,average
16.45,Nikola_Vucevic,4373,20200201,orl,mia,1,19.0,89.0,102.0,0,1.0,34.16666667,1.0,1.0,42.8,0.0,0.0,8100.0,5.0,66.25,0.0,21,9,4,0,2,1,1,0,0,0,0,-26.349999999999998,top
0.6,Khyri_Thomas,5757,20191106,det,nyk,1,19.0,122.0,102.0,1,0.0,3.716666667,1.0,1.0,1.0,0.0,0.0,3500.0,2.0,65.38,0.27,1,0,0,0,0,0,0,0,0,1,2,-0.4,benchPlayer
0.0,Gabe_Vincent,5959,20200127,mia,orl,1,19.5,113.0,92.0,1,0.0,1.2,1.0,1.0,0.0,0.0,0.0,3500.0,1.0,66.34,0.32,0,0,0,0,0,0,0,0,1,0,0,0.0,benchPlayer
10.9,Shai_Gilgeous-Alexander,5690,20200131,okc,pho,0,21.0,111.0,107.0,1,1.0,34.0,1.0,1.0,30.8,0.0,0.0,7700.0,2.0,63.28,1.15,12,9,4,0,1,1,0,5,16,2,2,-19.9,advanced
9.37,Nerlens_Noel,4652,20200131,okc,pho,0,21.0,111.0,107.0,1,0.0,25.15,1.0,1.0,31.9,0.0,0.0,4400.0,4.0,63.28,1.15,10,7,3,2,1,0,0,5,7,0,0,-22.53,advanced
1.67,Marco_Belinelli,3974,20200201,sas,cha,1,21.0,114.0,90.0,1,0.0,15.0,1.0,1.0,6.7,0.0,0.0,3500.0,2.0,64.93,-0.36,1,1,3,0,0,0,0,0,2,1,2,-5.03,benchPlayer
1.97,Kevin_Knox,5705,20200201,nyk,ind,0,19.0,92.0,85.0,1,0.0,13.56666667,1.0,1.0,4.6,0.0,0.0,3500.0,3.0,63.6,2.37,2,3,0,0,0,1,0,1,7,0,0,-2.63,benchPlayer
14.45,Glenn_Robinson_III,4702,20200201,gsw,cle,0,20.0,131.0,112.0,1,1.0,25.83333333,1.0,1.0,36.7,0.0,0.0,4200.0,3.0,63.19,4.07,22,1,1,3,1,0,3,9,13,1,2,-22.250000000000004,advanced
4.95,Mitchell_Robinson,5700,20200201,nyk,ind,0,19.0,92.0,85.0,1,0.0,19.35,1.0,1.0,15.4,0.0,0.0,5400.0,5.0,63.6,2.37,4,7,2,0,0,0,0,2,2,0,0,-10.45,belowAvg
6.59,Luke_Kornet,5240,20200202,chi,tor,0,15.0,102.0,129.0,0,1.0,23.01666667,1.0,1.0,17.5,0.0,0.0,4600.0,4.0,63.1,2.65,8,5,1,1,0,1,1,3,11,1,2,-10.91,belowAvg
1.48,Jordan_Bell,5125,20200201,min,lac,0,15.5,106.0,118.0,0,0.0,4.45,1.0,1.0,3.2,0.0,0.0,3500.0,4.0,66.94,-3.38,2,1,0,0,0,0,0,1,2,0,0,-1.7200000000000002,benchPlayer
18.79,Khris_Middleton,4490,20200202,mil,pho,1,14.0,129.0,108.0,1,1.0,32.9,1.0,1.0,44.6,0.0,0.0,7200.0,2.0,62.28,1.4,25,8,6,0,1,2,3,9,15,4,4,-25.810000000000002,top
0.0,Mike_Muscala,4659,20200129,okc,sac,0,22.0,120.0,100.0,1,0.0,1.516666667,1.0,1.0,0.0,0.0,0.0,3600.0,4.0,66.71,-3.69,0,0,0,0,0,0,0,0,0,0,0,0.0,benchPlayer
11.06,Kyle_Lowry,3891,20200202,tor,chi,1,15.0,129.0,102.0,1,1.0,29.51666667,1.0,1.0,28.8,0.0,0.0,7000.0,1.0,63.1,1.34,14,4,6,0,1,2,3,3,7,5,6,-17.740000000000002,average
1.59,Oshae_Brissett,5900,20200202,tor,chi,1,15.0,129.0,102.0,1,0.0,3.2,1.0,1.0,5.2,0.0,0.0,3500.0,3.0,63.1,1.34,2,1,0,1,0,1,0,1,1,0,0,-3.6100000000000003,benchPlayer
1.48,Johnathan_Motley,5192,20200126,lac,orl,0,18.0,112.0,97.0,1,0.0,1.516666667,1.0,1.0,3.2,0.0,0.0,3500.0,4.0,66.52,-0.83,2,1,0,0,0,0,0,1,1,0,0,-1.7200000000000002,benchPlayer
8.41,Malik_Monk,5133,20200201,cha,sas,0,21.0,90.0,114.0,0,0.0,31.93333333,1.0,1.0,22.8,0.0,0.0,4000.0,2.0,64.93,0.64,11,4,2,0,2,2,1,4,12,2,2,-14.39,average
4.2,C.J._Miles,3783,20191126,was,den,0,21.0,104.0,117.0,0,0.0,21.28333333,1.0,1.0,15.2,0.0,0.0,3500.0,3.0,45.02,21.09,5,1,2,2,0,0,0,1,7,3,5,-11.0,belowAvg
9.61,Marquese_Chriss,4952,20200201,gsw,cle,0,20.0,131.0,112.0,1,1.0,24.91666667,1.0,1.0,36.9,0.0,0.0,4900.0,5.0,63.19,4.07,10,7,3,1,4,1,0,5,11,0,0,-27.29,advanced
3.07,Josh_Magette,4975,20200110,orl,pho,0,21.0,94.0,98.0,0,0.0,17.25,1.0,1.0,11.4,0.0,0.0,3500.0,1.0,63.01,4.33,3,2,2,0,1,0,1,1,5,0,0,-8.33,belowAvg
0.0,Bruno_Caboclo,4708,20200112,mem,gsw,1,18.0,122.0,102.0,1,0.0,2.233333333,1.0,1.0,0.0,0.0,0.0,3500.0,3.0,65.98,-0.4,0,0,0,0,0,0,0,0,1,0,0,0.0,benchPlayer
0.0,Jordan_Bone,5864,20200125,det,bkn,1,19.0,111.0,121.0,0,0.0,2.9,1.0,1.0,0.0,0.0,0.0,3500.0,1.0,63.24,0.44,0,0,0,0,0,0,0,0,2,0,0,0.0,benchPlayer
0.58,Dario_Saric,4904,20200131,pho,okc,1,21.0,107.0,111.0,0,0.0,4.1,1.0,1.0,2.4,0.0,0.0,3900.0,4.0,63.28,-0.02,0,2,0,0,0,0,0,0,0,0,0,-1.8199999999999998,benchPlayer
2.66,Chris_Silva,5913,20200128,mia,bos,1,20.0,101.0,109.0,0,0.0,10.2,1.0,1.0,16.0,0.0,0.0,3500.0,4.0,66.3,0.2,1,5,0,3,0,0,0,0,2,1,2,-13.34,belowAvg
14.83,Thaddeus_Young,4037,20200202,chi,tor,0,15.0,102.0,129.0,0,1.0,29.8,1.0,1.0,32.9,0.0,0.0,5200.0,4.0,63.1,2.65,21,7,1,2,0,4,3,9,12,0,1,-18.07,advanced
15.76,Will_Barton,4522,20200202,den,det,0,12.5,123.0,128.0,0,1.0,36.56666667,1.0,1.0,37.3,0.0,0.0,6000.0,3.0,61.82,-6.49,20,9,5,0,0,1,2,7,17,4,5,-21.54,advanced
8.69,Malik_Beasley,4999,20200202,den,det,0,12.5,123.0,128.0,0,0.0,24.01666667,1.0,1.0,22.2,0.0,0.0,3700.0,2.0,61.82,-6.49,12,1,4,1,0,0,2,5,9,0,0,-13.51,average
0.0,J.J._Redick,3861,20200202,nor,hou,0,14.0,109.0,117.0,0,0.0,14.31666667,1.0,1.0,0.0,0.0,0.0,4200.0,2.0,66.62,-0.37,0,0,0,0,0,0,0,0,3,0,0,0.0,benchPlayer
9.71,Tony_Snell,4571,20200202,det,den,1,12.5,128.0,123.0,1,1.0,36.96666667,1.0,1.0,22.4,0.0,0.0,3600.0,2.0,61.82,1.91,13,2,6,0,0,2,3,4,7,2,2,-12.689999999999998,average
0.58,Adam_Mokoka,5893,20200202,chi,tor,0,15.0,102.0,129.0,0,0.0,4.433333333,1.0,1.0,2.4,0.0,0.0,3500.0,2.0,63.1,2.65,0,2,0,0,0,0,0,0,2,0,0,-1.8199999999999998,benchPlayer
4.61,Solomon_Hill,4566,20200131,mem,nor,0,20.0,111.0,139.0,0,1.0,25.7,1.0,1.0,10.1,0.0,0.0,3500.0,3.0,67.16,-1.3,6,3,1,0,0,1,1,2,5,1,2,-5.489999999999999,belowAvg
4.55,Treveon_Graham,4804,20200201,atl,dal,0,20.5,100.0,123.0,0,0.0,20.38333333,1.0,1.0,15.8,0.0,0.0,3500.0,2.0,65.02,-1.05,5,4,0,2,0,0,1,1,2,2,2,-11.25,belowAvg
4.74,Mason_Plumlee,4607,20200120,den,min,0,20.0,107.0,100.0,1,0.0,10.36666667,1.0,1.0,10.8,0.0,0.0,3900.0,5.0,66.57,-14.27,6,4,0,0,0,0,0,3,4,0,0,-6.0600000000000005,belowAvg
8.86,Cheick_Diallo,4957,20200202,pho,mil,0,14.0,108.0,129.0,0,0.0,25.91666667,1.0,1.0,20.9,0.0,0.0,3500.0,4.0,62.28,0.98,11,7,1,0,0,0,0,5,9,1,2,-12.04,average
10.04,Norman_Powell,4792,20200131,tor,det,0,19.0,105.0,92.0,1,0.0,28.85,1.0,1.0,31.9,0.0,0.0,4800.0,2.0,64.97,0.43,12,7,1,3,1,2,0,6,13,0,0,-21.86,advanced
8.22,Semi_Ojeleye,5115,20200201,bos,phi,1,20.5,116.0,95.0,1,0.0,24.35,1.0,1.0,20.0,0.0,0.0,3500.0,3.0,65.43,1.22,11,5,0,1,0,0,1,2,3,6,6,-11.78,belowAvg
7.58,Ty_Jerome,5928,20200131,pho,okc,1,21.0,107.0,111.0,0,0.0,18.85,1.0,1.0,19.8,0.0,0.0,3600.0,2.0,63.28,-0.02,9,4,4,0,0,0,1,4,7,0,0,-12.22,belowAvg
5.96,Luguentz_Dort,5916,20200131,okc,pho,0,21.0,111.0,107.0,1,1.0,26.81666667,1.0,1.0,19.4,0.0,0.0,3800.0,2.0,63.28,1.15,8,2,0,3,0,0,1,3,8,1,2,-13.439999999999998,belowAvg
0.89,Wes_Iwundu,5152,20200201,orl,mia,1,19.0,89.0,102.0,0,0.0,12.98333333,1.0,1.0,2.2,0.0,0.0,3700.0,3.0,66.25,0.0,1,1,0,0,0,0,0,0,2,1,2,-1.31,benchPlayer
0.85,Henry_Ellenson,5009,20200102,bkn,dal,0,20.5,111.0,123.0,0,0.0,1.4333333330000002,1.0,1.0,3.9,0.0,0.0,3500.0,4.0,62.23,2.11,0,2,1,0,0,0,0,0,0,0,0,-3.05,benchPlayer
0.65,Ky_Bowman,5817,20200118,gsw,orl,1,20.5,109.0,95.0,1,0.0,16.63333333,1.0,1.0,2.9,0.0,0.0,3600.0,1.0,68.03,-0.67,0,2,1,1,0,4,0,0,2,0,0,-2.25,benchPlayer
6.95,Cedi_Osman,5116,20200201,cle,gsw,1,20.0,112.0,131.0,0,1.0,21.71666667,1.0,1.0,18.5,0.0,0.0,4600.0,3.0,63.19,0.86,10,0,3,2,0,2,2,4,7,0,0,-11.55,belowAvg
15.85,Collin_Sexton,5721,20200201,cle,gsw,1,20.0,112.0,131.0,0,1.0,33.0,1.0,1.0,39.4,0.0,0.0,6100.0,1.0,63.19,0.86,23,2,4,3,0,1,3,9,16,2,2,-23.549999999999997,advanced
0.29,Theo_Pinson,5732,20200126,bkn,nyk,0,18.0,97.0,110.0,0,0.0,2.6,1.0,1.0,1.2,0.0,0.0,3500.0,2.0,65.52,0.4,0,1,0,0,0,0,0,0,1,0,0,-0.9099999999999999,benchPlayer
10.96,Jae_Crowder,4472,20200131,mem,nor,0,20.0,111.0,139.0,0,1.0,27.76666667,1.0,1.0,27.5,0.0,0.0,4400.0,3.0,67.16,-1.3,15,5,1,2,0,1,0,4,11,7,8,-16.54,average
0.0,Kris_Dunn,4945,20200131,chi,bkn,0,19.5,118.0,133.0,0,1.0,0.216666667,1.0,1.0,0.0,0.0,0.0,5400.0,1.0,67.71,-3.35,0,0,0,0,0,0,0,0,0,0,0,0.0,benchPlayer
4.07,Marvin_Williams,3817,20200201,cha,sas,0,21.0,90.0,114.0,0,1.0,23.61666667,1.0,1.0,15.3,0.0,0.0,3600.0,4.0,64.93,0.64,4,4,1,0,2,1,0,2,5,0,0,-11.23,belowAvg
10.99,Luke_Kennard,5180,20191221,det,chi,1,19.0,107.0,119.0,0,1.0,31.41666667,1.0,1.0,20.3,0.0,0.0,5100.0,3.0,65.61,0.71,16,4,3,0,0,5,4,6,14,0,0,-9.31,average
2.72,Paul_Millsap,3904,20200106,den,atl,0,19.5,123.0,115.0,1,1.0,23.55,1.0,1.0,10.3,0.0,0.0,4800.0,4.0,63.28,-2.85,2,4,1,1,0,1,0,0,3,2,2,-7.58,belowAvg
8.66,Delon_Wright,4791,20200201,dal,atl,1,20.5,123.0,100.0,1,0.0,29.43333333,1.0,1.0,26.5,0.0,0.0,4800.0,2.0,65.02,0.14,9,5,7,1,0,2,1,2,6,4,4,-17.84,average
10.18,Jose_Barea,3882,20200131,dal,hou,0,19.5,121.0,128.0,0,1.0,20.68333333,1.0,1.0,28.5,0.0,0.0,3600.0,1.0,66.66,-4.82,11,5,9,0,0,2,0,4,10,3,3,-18.32,average
9.66,Josh_Okogie,5674,20200201,min,lac,0,15.5,106.0,118.0,0,0.0,26.1,1.0,1.0,21.7,0.0,0.0,3800.0,3.0,66.94,-3.38,13,6,1,1,0,3,1,3,9,6,6,-12.04,average
1.75,Michael_Kidd-Gilchrist,4532,20200110,cha,uta,0,21.0,92.0,109.0,0,0.0,8.35,1.0,1.0,4.7,0.0,0.0,3500.0,3.0,49.13,16.1,2,1,1,0,0,0,0,1,2,0,0,-2.95,benchPlayer
8.24,Joel_Embiid,4762,20200201,phi,bos,0,20.5,95.0,116.0,0,1.0,23.43333333,1.0,1.0,20.5,0.0,0.0,9200.0,5.0,65.43,-0.31,11,5,1,0,2,4,0,1,11,9,9,-12.26,average
1.19,Anzejs_Pasecniks,5957,20200128,was,mil,0,20.0,131.0,151.0,0,0.0,9.483333333,1.0,1.0,2.0,0.0,0.0,3700.0,5.0,65.02,-0.36,2,0,0,0,0,0,0,1,3,0,0,-0.81,benchPlayer
14.58,Tyler_Herro,5914,20200201,mia,orl,0,19.0,102.0,89.0,1,0.0,26.0,1.0,1.0,26.6,0.0,0.0,4200.0,2.0,66.25,0.25,23,3,0,0,0,0,6,7,12,3,3,-12.020000000000001,average
1.56,Johnathan_Williams,5695,20200130,was,cha,1,19.0,121.0,107.0,1,0.0,2.6,1.0,1.0,5.2,0.0,0.0,3700.0,4.0,67.94,-1.59,2,1,0,0,1,1,0,1,1,0,0,-3.64,benchPlayer
0.89,DeMarre_Carroll,4203,20200108,sas,bos,0,19.0,129.0,114.0,1,0.0,1.8,1.0,1.0,2.2,0.0,0.0,3500.0,3.0,66.39,-1.99,1,1,0,0,0,0,0,0,0,1,2,-1.31,benchPlayer
4.71,Dante_Exum,4707,20200201,cle,gsw,1,20.0,112.0,131.0,0,0.0,15.16666667,1.0,1.0,11.1,0.0,0.0,3500.0,1.0,63.19,0.86,6,3,1,0,0,0,0,2,6,2,2,-6.39,belowAvg
10.08,Jordan_McRae,4832,20200126,was,atl,0,18.0,133.0,152.0,0,0.0,17.8,1.0,1.0,30.4,0.0,0.0,4700.0,2.0,62.73,3.51,12,7,2,1,2,2,0,4,10,4,4,-20.32,advanced
14.87,Meyers_Leonard,4521,20200201,mia,orl,0,19.0,102.0,89.0,1,1.0,28.83333333,1.0,1.0,34.3,1.0,0.0,3500.0,5.0,66.25,0.25,18,14,1,0,0,2,4,7,14,0,0,-19.43,advanced
8.32,Isaiah_Thomas,4420,20200201,was,bkn,1,20.0,113.0,107.0,1,1.0,22.6,1.0,1.0,16.9,0.0,0.0,4300.0,1.0,65.7,0.86,12,2,3,0,0,2,2,5,16,0,0,-8.579999999999998,belowAvg
3.99,Mohamed_Bamba,5706,20200201,orl,mia,1,19.0,89.0,102.0,0,0.0,13.83333333,1.0,1.0,16.8,0.0,0.0,3800.0,5.0,66.25,0.0,4,4,0,0,3,1,0,2,3,0,0,-12.81,belowAvg
9.99,Donte_DiVincenzo,5740,20200202,mil,pho,1,14.0,129.0,108.0,1,0.0,22.16666667,1.0,1.0,22.9,0.0,0.0,4500.0,2.0,62.28,1.4,15,2,1,2,0,2,2,6,12,1,2,-12.909999999999998,average
9.95,Kentavious_Caldwell-Pope,4616,20200201,lal,sac,0,22.0,129.0,113.0,1,0.0,25.88333333,1.0,1.0,19.4,0.0,0.0,3800.0,2.0,67.12,-0.68,15,2,2,0,0,1,3,4,7,4,5,-9.45,belowAvg
0.0,DaQuan_Jeffries,5828,20200122,sac,det,0,19.0,106.0,127.0,0,0.0,1.533333333,1.0,1.0,0.0,0.0,0.0,3500.0,3.0,65.57,-4.0,0,0,0,0,0,0,0,0,2,0,0,0.0,benchPlayer
10.35,Shabazz_Napier,4694,20200201,min,lac,0,15.5,106.0,118.0,0,1.0,34.73333333,1.0,1.0,32.8,1.0,0.0,6000.0,1.0,66.94,-3.38,11,4,10,2,0,4,1,4,11,2,2,-22.449999999999996,advanced
21.97,Jaylen_Brown,5017,20200201,bos,phi,1,20.5,116.0,95.0,1,1.0,36.35,1.0,1.0,46.3,0.0,0.0,6400.0,3.0,65.43,1.22,32,9,1,2,0,4,1,0,0,5,7,-24.33,top
9.04,Larry_Nance,4798,20200201,cle,gsw,1,20.0,112.0,131.0,0,0.0,22.96666667,1.0,1.0,20.0,0.0,0.0,5400.0,4.0,63.19,0.86,12,5,2,0,0,1,2,5,10,0,0,-10.96,belowAvg
2.53,Aron_Baynes,4556,20200118,pho,bos,0,19.0,123.0,119.0,1,0.0,12.18333333,1.0,1.0,5.9,0.0,0.0,4100.0,5.0,66.89,-2.52,3,2,1,0,0,1,1,1,6,0,0,-3.3700000000000006,benchPlayer
0.6,Alize_Johnson,5764,20200108,ind,mia,1,19.0,108.0,122.0,0,0.0,2.666666667,1.0,1.0,1.0,0.0,0.0,3500.0,4.0,66.02,-1.03,1,0,0,0,0,0,0,0,1,1,2,-0.4,benchPlayer
2.34,Kyle_O'Quinn,4529,20200120,phi,bkn,0,15.0,117.0,111.0,1,0.0,5.983333332999999,1.0,1.0,5.7,0.0,0.0,4000.0,5.0,67.71,-0.27,3,1,1,0,0,0,1,1,3,0,0,-3.3600000000000003,benchPlayer
2.67,Yogi_Ferrell,4970,20200201,sac,lal,1,22.0,113.0,129.0,0,0.0,7.666666667,1.0,1.0,6.7,0.0,0.0,3500.0,1.0,67.12,-0.28,3,1,3,0,0,2,0,1,5,1,1,-4.03,benchPlayer
3.06,Gorgui_Dieng,4632,20200201,min,lac,0,15.5,106.0,118.0,0,0.0,9.5,1.0,1.0,7.0,0.0,0.0,3600.0,5.0,66.94,-3.38,5,0,0,0,1,1,1,2,4,0,0,-3.94,benchPlayer
14.59,Luka_Doncic,5670,20200128,dal,pho,1,20.5,104.0,133.0,0,1.0,25.25,1.0,1.0,30.2,0.0,0.0,11000.0,1.0,63.51,-1.67,21,6,2,1,0,4,1,7,15,6,7,-15.61,advanced
1.18,Rodney_McGruder,4650,20200201,lac,min,1,15.5,118.0,106.0,1,0.0,12.43333333,1.0,1.0,8.6,0.0,0.0,3500.0,2.0,66.94,-0.42,0,3,0,2,0,1,0,0,1,0,0,-7.42,benchPlayer
1.15,Paul_Watson,5958,20200202,tor,chi,1,15.0,129.0,102.0,1,0.0,3.2,1.0,1.0,3.7,0.0,0.0,3500.0,2.0,63.1,1.34,1,1,1,0,0,0,0,0,0,1,2,-2.5500000000000003,benchPlayer
15.57,Paul_George,4283,20200201,lac,min,1,15.5,118.0,106.0,1,1.0,25.16666667,1.0,1.0,40.4,0.0,0.0,7800.0,3.0,66.94,-0.42,21,7,2,2,1,1,3,9,18,0,0,-24.83,top
8.86,Ishmael_Smith,4315,20200201,was,bkn,1,20.0,113.0,107.0,1,0.0,24.9,1.0,1.0,21.0,0.0,0.0,5000.0,1.0,65.7,0.86,11,5,4,0,0,2,1,5,12,0,0,-12.14,average
15.4,Monte_Morris,5191,20200202,den,det,0,12.5,123.0,128.0,0,1.0,39.08333333,1.0,1.0,40.9,0.0,0.0,4300.0,1.0,61.82,-6.49,19,7,7,1,0,0,2,8,15,1,1,-25.5,top
1.15,Romeo_Langford,5844,20200201,bos,phi,1,20.5,116.0,95.0,1,0.0,3.633333333,1.0,1.0,3.7,0.0,0.0,3500.0,2.0,65.43,1.22,1,1,1,0,0,0,0,0,0,1,2,-2.5500000000000003,benchPlayer
10.32,Eric_Bledsoe,4266,20200202,mil,pho,1,14.0,129.0,108.0,1,1.0,31.6,1.0,1.0,28.4,0.0,0.0,6100.0,1.0,62.28,1.4,12,7,4,0,1,1,2,5,8,0,1,-18.08,average
3.63,Matthew_Dellavedova,4610,20200128,cle,nor,1,19.5,111.0,125.0,0,0.0,18.71666667,1.0,1.0,10.2,0.0,0.0,3500.0,1.0,64.38,-0.36,4,1,4,0,0,1,0,2,4,0,0,-6.569999999999999,belowAvg
10.37,Darius_Garland,5860,20200201,cle,gsw,1,20.0,112.0,131.0,0,1.0,32.05,1.0,1.0,19.6,0.0,0.0,4500.0,1.0,63.19,0.86,15,3,4,0,0,5,3,5,15,2,2,-9.230000000000002,belowAvg
3.27,Mfiondu_Kabengele,5803,20191221,lac,sas,0,20.5,134.0,109.0,1,0.0,6.8,1.0,1.0,6.2,0.0,0.0,3500.0,3.0,65.7,0.46,5,1,0,0,0,0,1,2,3,0,0,-2.93,benchPlayer
3.96,Jabari_Parker,4728,20200103,atl,bos,0,19.0,106.0,109.0,0,0.0,14.98333333,1.0,1.0,13.9,0.0,0.0,3800.0,4.0,65.61,-0.95,4,2,3,1,0,0,0,2,6,0,0,-9.940000000000001,belowAvg
11.27,Dewayne_Dedmon,4572,20200130,sac,lac,0,22.5,124.0,103.0,1,1.0,30.88333333,1.0,1.0,45.7,1.0,0.0,3700.0,5.0,66.39,-0.78,11,11,1,4,3,1,1,4,8,2,2,-34.43000000000001,top
2.31,Ignas_Brazdeikis,5876,20200108,nyk,uta,0,21.0,104.0,128.0,0,0.0,4.983333333,1.0,1.0,6.0,0.0,0.0,3500.0,3.0,46.8,19.51,3,0,2,0,0,0,0,1,2,1,1,-3.69,benchPlayer
3.49,Jaylen_Hoard,5939,20200120,por,gsw,1,22.0,129.0,124.0,1,0.0,10.03333333,1.0,1.0,11.9,0.0,0.0,3500.0,3.0,65.89,-0.11,2,7,1,0,0,0,0,1,1,0,2,-8.41,belowAvg
2.73,Gary_Harris,4678,20200202,den,det,0,12.5,123.0,128.0,0,0.0,31.26666667,1.0,1.0,6.1,0.0,0.0,4300.0,2.0,61.82,-6.49,3,3,1,0,0,2,0,1,6,1,2,-3.3699999999999997,benchPlayer
10.85,Enes_Kanter,4442,20200122,bos,mem,1,19.5,119.0,95.0,1,0.0,19.03333333,1.0,1.0,28.1,0.0,0.0,4800.0,5.0,68.58,-0.76,13,8,3,0,1,2,0,6,8,1,2,-17.25,average
-0.1,Troy_Daniels,4658,20200201,lal,sac,0,22.0,129.0,113.0,1,0.0,5.8,1.0,1.0,-1.0,0.0,0.0,3500.0,2.0,67.12,-0.68,0,0,0,0,0,1,0,0,2,0,0,0.9,benchPlayer
5.83,Dennis_Smith_Jr.,5212,20200201,nyk,ind,0,19.0,92.0,85.0,1,1.0,27.03333333,1.0,1.0,16.6,0.0,0.0,3500.0,1.0,63.6,2.37,6,3,6,0,0,2,0,2,9,2,4,-10.770000000000001,belowAvg
5.72,Bogdan_Bogdanovic,5138,20200201,sac,lal,1,22.0,113.0,129.0,0,1.0,27.81666667,1.0,1.0,13.9,0.0,0.0,4800.0,2.0,67.12,-0.28,8,2,1,1,0,1,1,3,8,1,1,-8.18,belowAvg
6.94,Jeff_Teague,4221,20200201,atl,dal,0,20.5,100.0,123.0,0,0.0,30.16666667,1.0,1.0,24.8,0.0,0.0,4100.0,1.0,65.02,-1.05,6,4,8,1,0,1,0,2,10,2,4,-17.86,average
0.45,Brandon_Knight,4382,20200114,cle,lac,0,22.5,103.0,128.0,0,0.0,26.25,1.0,1.0,1.7,0.0,0.0,3700.0,1.0,66.16,-7.15,0,1,1,0,0,1,0,0,6,0,0,-1.25,benchPlayer
5.97,Cody_Martin,5852,20200201,cha,sas,0,21.0,90.0,114.0,0,0.0,27.56666667,1.0,1.0,12.6,0.0,0.0,3700.0,2.0,64.93,0.64,8,3,2,0,0,2,1,3,7,1,2,-6.63,belowAvg
17.33,Miles_Bridges,5657,20200201,cha,sas,0,21.0,90.0,114.0,0,1.0,36.75,1.0,1.0,39.2,0.0,0.0,4800.0,3.0,64.93,0.64,25,6,2,0,2,2,4,0,0,1,2,-21.870000000000005,advanced
1.36,Mario_Hezonja,4776,20200131,por,lal,0,22.5,127.0,119.0,1,0.0,11.45,1.0,1.0,6.4,0.0,0.0,3500.0,3.0,67.03,0.12,1,2,0,0,1,0,0,0,4,1,2,-5.04,benchPlayer
8.88,Omari_Spellman,5755,20200201,gsw,cle,0,20.0,131.0,112.0,1,0.0,22.7,1.0,1.0,20.5,0.0,0.0,3800.0,4.0,63.19,4.07,12,5,1,1,0,2,1,4,8,3,3,-11.62,average
4.25,Tremont_Waters,5849,20200118,bos,pho,1,19.0,119.0,123.0,0,0.0,16.65,1.0,1.0,15.1,0.0,0.0,3500.0,1.0,66.89,0.32,4,3,3,1,0,0,0,1,5,2,2,-10.85,belowAvg
11.39,Sekou_Doumbouya,5866,20200202,det,den,1,12.5,128.0,123.0,1,1.0,34.88333333,1.0,1.0,21.0,0.0,0.0,3500.0,4.0,61.82,1.91,17,5,0,0,0,2,2,6,12,3,4,-9.61,average
9.67,Josh_Jackson,5130,20200131,mem,nor,0,20.0,111.0,139.0,0,0.0,28.85,1.0,1.0,24.5,0.0,0.0,3500.0,3.0,67.16,-1.3,13,5,1,2,0,2,1,6,14,0,1,-14.83,average
7.81,Willie_Cauley-Stein,4817,20200201,dal,atl,1,20.5,123.0,100.0,1,1.0,25.9,1.0,1.0,28.5,0.0,0.0,4300.0,5.0,65.02,0.14,7,10,1,1,2,1,0,3,8,1,2,-20.69,average
